product_url,product_asin,product_brand,product_title,product_price,product_stars,product_images,product_bullets,product_rating_count,country_of_origin,product_weight,product_material,product_category,item_height,item_length,item_width,aplus,description
https://www.amazon.in/Mush-100-Bamboo-Swaddle-Thermoregulating/dp/B0BRN1JQ5M,B0BRN1JQ5M,,"Mush 100% Bamboo Swaddle : Ultra Soft, Breathable, Thermoregulating, Absorbent, Light Weight and Multipurpose Bamboo Wrapper / Baby Bath Towel / Blanket (1, Rabbit Blue)",499,4.6,"https://m.media-amazon.com/images/I/41IAbLD7CML.jpg,https://m.media-amazon.com/images/I/41gCzb8YsoL.jpg,https://m.media-amazon.com/images/I/41sg6mYE4GL.jpg,https://m.media-amazon.com/images/I/412GUjBGGCL.jpg,https://m.media-amazon.com/images/I/51OiggENfeL.jpg,https://m.media-amazon.com/images/I/413R63UQFoL.jpg","COMFORTABLE : When babies are swaddled, they sleep better & feel safe as babies are used to being wrapped tightly in the womb. Bamboo Fabric is weightless & thermo-regulating which helps to regulate the body temperature based on the weather.,SOFTER THAN SOFT : The bamboo fabric is super-soft and gentle on your baby‚Äôs skin. The soft plush fabric wraps around your baby for a comfortable sleep. It is also the best choice for rash prevention.,MULTIPURPOSE : Mush Bamboo Swaddles can be used as a play mat, a blanket, a burp cloth, a nursing cover, a picnic blanket. It is one of the best baby shower gifts for every new mom.",34 global ratings,,,,"Baby,Bedding, Furniture & Room D√©cor,Bedding,Blankets & Swaddlers,Swaddlers",,,,"https://images-na.ssl-images-amazon.com/images/G/01/x-locale/common/grey-pixel.gif,https://m.media-amazon.com/images/S/aplus-media-library-service-media/3b07b53c-2704-43a7-acd2-62490c9a8b01.__CR0,0,970,600_PT0_SX970_V1___.png,https://images-na.ssl-images-amazon.com/images/G/01/x-locale/common/grey-pixel.gif,https://m.media-amazon.com/images/S/aplus-media-library-service-media/bcfaf91d-8759-4de9-8be8-c7e7a1488fd9.__CR0,0,970,600_PT0_SX970_V1___.png,https://images-na.ssl-images-amazon.com/images/G/01/x-locale/common/grey-pixel.gif,https://m.media-amazon.com/images/S/aplus-media-library-service-media/65a602e9-1453-4268-bd14-1e5fbf1062c3.__CR0,0,970,600_PT0_SX970_V1___.png,https://images-na.ssl-images-amazon.com/images/G/01/x-locale/common/grey-pixel.gif,https://m.media-amazon.com/images/S/aplus-media-library-service-media/21176b26-cc9a-4986-aef8-6637a5aa1d4b.__CR0,0,970,600_PT0_SX970_V1___.png,https://images-na.ssl-images-amazon.com/images/G/01/x-locale/common/grey-pixel.gif,https://m.media-amazon.com/images/S/aplus-media-library-service-media/8558e2ca-a77c-4d96-946c-ccb05be9e389.__CR0,0,970,600_PT0_SX970_V1___.png,https://images-na.ssl-images-amazon.com/images/G/01/x-locale/common/grey-pixel.gif,https://m.media-amazon.com/images/S/aplus-media-library-service-media/69cacb1d-7bf4-4daa-8d1a-a682db4c6e8a.__CR0,0,970,600_PT0_SX970_V1___.png",
https://www.amazon.in/Mush-Ultra-Soft-Absorbent-Sports/dp/B08K8WVL5L,B08K8WVL5L,,"Mush 600 GSM Hand Towel Set of 2- Cream & Green | 100% Bamboo |Ultra Soft, Absorbent & Quick Dry Towel for Gym, Pool, Travel, Spa and Yoga | 29.5 x 14 Inches",649,4.2,"https://m.media-amazon.com/images/I/41UV7cNhbeL.jpg,https://m.media-amazon.com/images/I/A1iiVXGkqZL.jpg,https://m.media-amazon.com/images/I/5197dul+YlL.jpg,https://m.media-amazon.com/images/I/41l+zrrf-ZL.jpg,https://m.media-amazon.com/images/I/4156ZUnhBpL.jpg,https://m.media-amazon.com/images/I/41z8mAdvAeL.jpg,https://m.media-amazon.com/images/I/412uy4tqQqS.jpg","Ultra Soft : Mush Hand towels are designed with ultra-soft bamboo fibers that is suitable for sensitive skin. Mush Towel retains softness even after multiple washes.,Super Absorbent : The Bamboo Fabric is more absorbent & breathable than any other fabric due to a wider cross section. This allows it to absorb 3x times more water while preventing dampen odor common in other cotton towels.,Multipurpose : 2 pcs of 29.5"" x 14"" perfect sized towels for Napkin/ home, poolside, bathroom, Beach, sauna, college dorm room, spa or gym use. Different colors for you to pick,Beautifully Packed: Your Hand towel set comes carefully packed in an eco-friendly fabric bag which makes it convenient to carry it along at work / travel / Gym. For every occasion our hand towel set makes a perfect gift for your family and friends!",900 global ratings,,,,"Home & Kitchen,Home Furnishing,Bathroom Linen,Towels,Hand Towels",,,,"https://images-na.ssl-images-amazon.com/images/G/01/x-locale/common/grey-pixel.gif,https://m.media-amazon.com/images/S/aplus-media/sc/428c7aa8-812a-4580-badf-4c4eb47d4335.__CR0,0,600,180_PT0_SX600_V1___.jpg,https://images-na.ssl-images-amazon.com/images/G/01/x-locale/common/grey-pixel.gif,https://m.media-amazon.com/images/S/aplus-media/sc/e89a191d-c117-4563-bfb3-c7b17aacce83.__CR0,1344,4800,1485_PT0_SX970_V1___.jpg,https://images-na.ssl-images-amazon.com/images/G/01/x-locale/common/grey-pixel.gif,https://m.media-amazon.com/images/S/aplus-media/sc/6bef5eff-4587-4a88-bc2b-4ebc8e4252f8.__CR0,0,3891,3891_PT0_SX220_V1___.jpg,https://images-na.ssl-images-amazon.com/images/G/01/x-locale/common/grey-pixel.gif,https://m.media-amazon.com/images/S/aplus-media/sc/3a330ac1-c508-4778-9d19-caee30773ea4.__CR0,0,500,500_PT0_SX220_V1___.jpg,https://images-na.ssl-images-amazon.com/images/G/01/x-locale/common/grey-pixel.gif,https://m.media-amazon.com/images/S/aplus-media/sc/34fcc8b4-8aac-449b-9efc-b6e91fb42794.__CR480,0,3664,3664_PT0_SX220_V1___.jpg,https://images-na.ssl-images-amazon.com/images/G/01/x-locale/common/grey-pixel.gif,https://m.media-amazon.com/images/S/aplus-media/sc/35e3327c-67d3-43f1-9c06-acdec3d6b260.__CR0,78,236,236_PT0_SX220_V1___.jpg,https://images-na.ssl-images-amazon.com/images/G/01/x-locale/common/grey-pixel.gif,https://m.media-amazon.com/images/S/aplus-media/sc/a1343ca9-475e-47f3-8908-f4d87c97fce7.__CR0,0,500,500_PT0_SX300_V1___.jpg,https://images-na.ssl-images-amazon.com/images/G/01/x-locale/common/grey-pixel.gif,https://m.media-amazon.com/images/S/aplus-media/sc/11b6fddb-07c4-4721-8c0a-b5018e86958d.__CR0,0,500,500_PT0_SX300_V1___.jpg,https://images-na.ssl-images-amazon.com/images/G/01/x-locale/common/grey-pixel.gif,https://m.media-amazon.com/images/S/aplus-media/sc/e0dd1436-5918-492c-97af-f2fb5432213c.__CR0,0,500,500_PT0_SX300_V1___.jpg,https://images-na.ssl-images-amazon.com/images/G/01/x-locale/common/grey-pixel.gif,https://m.media-amazon.com/images/S/aplus-media/sc/348a415a-52fe-4aea-b4c0-ef779edb4a4b.__CR0,0,500,500_PT0_SX300_V1___.jpg,https://images-na.ssl-images-amazon.com/images/G/01/x-locale/common/grey-pixel.gif,https://m.media-amazon.com/images/S/aplus-media/sc/a1343ca9-475e-47f3-8908-f4d87c97fce7.__CR0,0,500,500_PT0_SX300_V1___.jpg,https://images-na.ssl-images-amazon.com/images/G/01/x-locale/common/grey-pixel.gif,https://m.media-amazon.com/images/S/aplus-media/sc/11b6fddb-07c4-4721-8c0a-b5018e86958d.__CR0,0,500,500_PT0_SX300_V1___.jpg,https://images-na.ssl-images-amazon.com/images/G/01/x-locale/common/grey-pixel.gif,https://m.media-amazon.com/images/S/aplus-media/sc/e0dd1436-5918-492c-97af-f2fb5432213c.__CR0,0,500,500_PT0_SX300_V1___.jpg,https://images-na.ssl-images-amazon.com/images/G/01/x-locale/common/grey-pixel.gif,https://m.media-amazon.com/images/S/aplus-media/sc/348a415a-52fe-4aea-b4c0-ef779edb4a4b.__CR0,0,500,500_PT0_SX300_V1___.jpg,https://images-na.ssl-images-amazon.com/images/G/01/x-locale/common/grey-pixel.gif,https://m.media-amazon.com/images/S/aplus-media-library-service-media/a39a219d-f8de-4e2f-8780-6a0da4136457.__CR0,0,970,300_PT0_SX970_V1___.jpg,https://images-na.ssl-images-amazon.com/images/G/01/x-locale/common/grey-pixel.gif,https://m.media-amazon.com/images/S/aplus-media/sc/7c58bdf3-2d71-4fba-8e81-0220b84ecca7.__CR0,0,1500,1500_PT0_SX135_V1___.jpg,https://images-na.ssl-images-amazon.com/images/G/01/x-locale/common/grey-pixel.gif,https://m.media-amazon.com/images/S/aplus-media/sc/0840de60-6cec-438e-b40d-989d99070a27.__CR155,87,517,517_PT0_SX135_V1___.png,https://images-na.ssl-images-amazon.com/images/G/01/x-locale/common/grey-pixel.gif,https://m.media-amazon.com/images/S/aplus-media/sc/114f4ed6-44d2-41cb-b405-c8ee25f7bd57.__CR15,0,330,330_PT0_SX135_V1___.jpg,https://images-na.ssl-images-amazon.com/images/G/01/x-locale/common/grey-pixel.gif,https://m.media-amazon.com/images/S/aplus-media/sc/eace8bc3-a9dd-4026-850d-827dc0898d9a.__CR12,353,908,908_PT0_SX135_V1___.jpg,https://m.media-amazon.com/images/S/aplus-media-library-service-media/6d079ffa-6ed1-4056-8bf6-f9c621673d01.__CR0,0,1500,3000_PT0_SX150_V1___.jpg,https://m.media-amazon.com/images/S/aplus-media-library-service-media/293591db-9d83-4e73-bb39-9743ea7864f6.__CR318,0,1500,3000_PT0_SX150_V1___.jpg,https://m.media-amazon.com/images/S/aplus-media-library-service-media/99e49902-6b04-4d42-8a7e-806b8c0ab4aa.__CR0,0,800,1600_PT0_SX150_V1___.jpeg,https://m.media-amazon.com/images/S/aplus-media-library-service-media/3068d7c0-8cea-40fe-87ce-230d94f628e2.__CR0,0,640,1280_PT0_SX150_V1___.jpeg,https://m.media-amazon.com/images/S/aplus-media-library-service-media/08840dd3-f0f4-41a9-8945-7263f568a518.__CR0,0,640,1280_PT0_SX150_V1___.jpeg,https://m.media-amazon.com/images/S/aplus-media-library-service-brand-media/ae24c17adb394c202a0d1bd18be7eb26.w2000.h3000.__CR250,0,1500,3000_PT0_SX150_V1___.jpg",
https://www.amazon.in/Mush-Designer-Absorbent-Emerald-Towelset/dp/B09XQX4KJW,B09XQX4KJW,,"Mush Designer Bamboo Hand Towels |Ultra Soft, Absorbent & Quick Dry Towels for Bath, Spa and Yoga (Emerald Blue, Hand Towelset of 2) 450 GSM",699,3.9,"https://m.media-amazon.com/images/I/511cCmlf8sL.jpg,https://m.media-amazon.com/images/I/51SjP3oMKpL.jpg,https://m.media-amazon.com/images/I/51Z9L3GsjSL.jpg,https://m.media-amazon.com/images/I/51tnvO082wL.jpg,https://m.media-amazon.com/images/I/51t7JH85PFL.jpg,https://m.media-amazon.com/images/I/51ucJkR8VIL.jpg,https://m.media-amazon.com/images/I/51Bjx439ltL.jpg","Super Absorbent: Mush Designer towels are made with 100% Bamboo, the naturally plush fibers ensure comfort, longevity, and absorbency. They are odor free as bamboo fabric allows it to breathe which prevents stinky towel smells common in other cotton towels.,Multipurpose: Mush Designer Bath towels can be used as beach towel, bath towel, pool towel, yoga towel as well as gym towel. Add a touch of elegance to the bathroom with these premium designer towels.,Mush towels are beautifully arranged in sets, making it the perfect premium gift for your family and friends! Mush towelset comes in an array of beautiful colors & patterns: Emerald Blue, Pearl White, Ruby Red & Royal Beige",96 global ratings,,,,"Home & Kitchen,Home Furnishing,Bathroom Linen,Towels,Bath Towels",,,,"https://images-na.ssl-images-amazon.com/images/G/01/x-locale/common/grey-pixel.gif,https://m.media-amazon.com/images/S/aplus-media-library-service-media/01fee8f3-75ec-424d-bb80-cd609419a497.__CR0,477,2500,1546_PT0_SX970_V1___.jpg,https://images-na.ssl-images-amazon.com/images/G/01/x-locale/common/grey-pixel.gif,https://m.media-amazon.com/images/S/aplus-media-library-service-media/1d84ded7-1cca-4925-841b-8d1cd6b597c8.__CR0,0,2500,2500_PT0_SX300_V1___.jpg,https://images-na.ssl-images-amazon.com/images/G/01/x-locale/common/grey-pixel.gif,https://m.media-amazon.com/images/S/aplus-media-library-service-media/2c4864b0-1fd2-4f22-9df5-b3e02a9d19b4.__CR0,0,2500,2500_PT0_SX300_V1___.jpg,https://images-na.ssl-images-amazon.com/images/G/01/x-locale/common/grey-pixel.gif,https://m.media-amazon.com/images/S/aplus-media-library-service-media/a0b3129c-584e-42b5-a4a3-5d6ed158529a.__CR0,0,2500,2500_PT0_SX300_V1___.jpg,https://m.media-amazon.com/images/S/aplus-media-library-service-media/9b87daef-323b-4628-ad15-38c4195041f8.__CR0,0,1250,2500_PT0_SX150_V1___.jpg,https://m.media-amazon.com/images/S/aplus-media-library-service-media/1d84ded7-1cca-4925-841b-8d1cd6b597c8.__CR0,0,1250,2500_PT0_SX150_V1___.jpg,https://m.media-amazon.com/images/S/aplus-media-library-service-media/aea7d410-da07-4326-8dc7-a9d61e77ccaa.__CR1250,0,1250,2500_PT0_SX150_V1___.jpg,https://m.media-amazon.com/images/S/aplus-media-library-service-media/14c39aaa-9187-4709-b170-dc405fa3acd0.__CR1458,417,1042,2083_PT0_SX150_V1___.jpg,https://images-na.ssl-images-amazon.com/images/G/01/x-locale/common/grey-pixel.gif,https://m.media-amazon.com/images/S/aplus-media-library-service-media/bd8ebbb9-520c-406c-827d-21e2f3724568.__CR0,0,2500,2500_PT0_SX300_V1___.jpg,https://images-na.ssl-images-amazon.com/images/G/01/x-locale/common/grey-pixel.gif,https://m.media-amazon.com/images/S/aplus-media-library-service-media/7d6c78eb-7713-4bec-82e6-5c999c6b7da6.__CR0,0,2500,2500_PT0_SX300_V1___.jpg,https://images-na.ssl-images-amazon.com/images/G/01/x-locale/common/grey-pixel.gif,https://m.media-amazon.com/images/S/aplus-media-library-service-media/c84c15a2-f534-4f25-a74e-756614681561.__CR0,0,2500,2500_PT0_SX300_V1___.jpg",
https://www.amazon.in/Mush-Ultra-Absorbent-Microbial-Bamboo/dp/B07CWB65DY,B07CWB65DY,,"Mush 600 GSM Bath Towel 1 - Pink | 100% Bamboo |Ultra Soft, Absorbent & Quick Dry Towel for Bath, Beach, Pool, Travel, Spa & Shower | 29 x 59 Inches","1,399",4.2,"https://m.media-amazon.com/images/I/61CGW1LCgOL.jpg,https://m.media-amazon.com/images/I/A1iiVXGkqZL.jpg,https://m.media-amazon.com/images/I/41pPADala7L.jpg,https://m.media-amazon.com/images/I/41d+RuUWawS.jpg,https://m.media-amazon.com/images/I/41J5SPxNBbL.jpg,https://m.media-amazon.com/images/I/41Z9G65-7mL.jpg,https://m.media-amazon.com/images/I/616tswXkElS.jpg","Large Size - 75 cms X 150 cms ; Material : Terry - 100% Bamboo Overall: 70% Bamboo 30% Cotton; Weight: 600 GSM,Highly Absorbent and Odorless : Bamboo Fibers are 3 times more absorbent than Cotton due to its porous cross section,Ultra soft: bamboo Towels are softer than softest cotton with a natural sheen like silk and cashmere",831 global ratings,,,,"Home & Kitchen,Home Furnishing,Bathroom Linen,Towels,Bath Towels",,,,"https://images-na.ssl-images-amazon.com/images/G/01/x-locale/common/grey-pixel.gif,https://m.media-amazon.com/images/S/aplus-media-library-service-media/1467acbb-b3f6-4838-9644-21e79a9a290e.__CR0,0,970,600_PT0_SX970_V1___.png,https://images-na.ssl-images-amazon.com/images/G/01/x-locale/common/grey-pixel.gif,https://m.media-amazon.com/images/S/aplus-media-library-service-media/44f22423-b851-4638-a058-22132b30470e.__CR0,0,970,600_PT0_SX970_V1___.png,https://images-na.ssl-images-amazon.com/images/G/01/x-locale/common/grey-pixel.gif,https://m.media-amazon.com/images/S/aplus-media-library-service-media/b9b2f4e6-5f20-44cd-a86b-0fc2dc4983f6.__CR0,1000,2000,2000_PT0_SX300_V1___.jpg,https://images-na.ssl-images-amazon.com/images/G/01/x-locale/common/grey-pixel.gif,https://m.media-amazon.com/images/S/aplus-media-library-service-media/293591db-9d83-4e73-bb39-9743ea7864f6.__CR0,600,2000,2000_PT0_SX300_V1___.jpg,https://images-na.ssl-images-amazon.com/images/G/01/x-locale/common/grey-pixel.gif,https://m.media-amazon.com/images/S/aplus-media-library-service-media/9559e086-392e-4fc2-8be3-4c0e13a87952.__CR0,551,2400,2400_PT0_SX300_V1___.jpg,https://images-na.ssl-images-amazon.com/images/G/01/x-locale/common/grey-pixel.gif,https://m.media-amazon.com/images/S/aplus-media-library-service-media/d8b367f9-b44f-42c1-8f52-5a50c9647afc.__CR92,0,1015,628_PT0_SX970_V1___.png,https://images-na.ssl-images-amazon.com/images/G/01/x-locale/common/grey-pixel.gif,https://m.media-amazon.com/images/S/aplus-media-library-service-media/a39a219d-f8de-4e2f-8780-6a0da4136457.__CR0,0,970,300_PT0_SX970_V1___.jpg,https://m.media-amazon.com/images/S/aplus-media-library-service-media/e228986f-4e4c-4834-b8cc-8982378f980a.__CR0,0,1500,3000_PT0_SX150_V1___.jpg,https://m.media-amazon.com/images/S/aplus-media-library-service-media/06a945c0-a80f-4ccb-8786-3d0308c216e4.__CR0,0,640,1280_PT0_SX150_V1___.jpeg,https://m.media-amazon.com/images/S/aplus-media-library-service-media/293591db-9d83-4e73-bb39-9743ea7864f6.__CR250,0,1500,3000_PT0_SX150_V1___.jpg,https://m.media-amazon.com/images/S/aplus-media-library-service-media/59003d75-f736-4e4e-83c3-b351328e6ec2.__CR211,0,540,1080_PT0_SX150_V1___.png,https://m.media-amazon.com/images/S/aplus-media-library-service-media/08840dd3-f0f4-41a9-8945-7263f568a518.__CR0,0,640,1280_PT0_SX150_V1___.jpeg,https://m.media-amazon.com/images/S/aplus-media-library-service-brand-media/9468c3a6ca8357bfec379ccf1d226b71.w2000.h3000.__CR250,0,1500,3000_PT0_SX150_V1___.jpg",
https://www.amazon.in/Mush-Bamboo-Weight-Turkish-Towels/dp/B08561NXF1,B08561NXF1,,"Mush Bamboo-derived Rayon Towel (Set of 1, Orange, Peach) |Ultra Soft, Absorbent & Quick Dry Towel for Bath, Beach, Pool, Travel, Spa and Yoga | 29 x 59 Inches, 250 gsm",759,4.2,"https://m.media-amazon.com/images/I/319ZkPNpH-L.jpg,https://m.media-amazon.com/images/I/A1SH+FC11SL.png,https://m.media-amazon.com/images/I/51LScHoHouS.jpg,https://m.media-amazon.com/images/I/51caIYsecgL.jpg,https://m.media-amazon.com/images/I/41hVW5CEYbL.jpg,https://m.media-amazon.com/images/I/51o1shA24RS.jpg,https://m.media-amazon.com/images/I/51kg5YQKXnL.jpg","These amazingly soft Turkish style Bath towels are made from 100% Bamboo. Size: 75 X 150 cms / 29.5"" X 59"",Features: It dries very quickly, absorbs 3 times more water than cotton, light in weight and takes up little space in your closet or luggage.,Usage: It's great for Home / Travel use, baby care, home decor, and possibilities are endless! It can be styled as a scarf as well as a baby summer blanket.,Packaging: It comes packed in a small cotton bag which makes it super convenient to store and to carry while travelling,Washcare: Machine Washable. Do not bleach","2,318 global ratings",,,,"Home & Kitchen,Home Furnishing,Bathroom Linen,Towels,Bath Towels",,,,"https://images-na.ssl-images-amazon.com/images/G/01/x-locale/common/grey-pixel.gif,https://m.media-amazon.com/images/S/aplus-media-library-service-media/ebe78dc0-e5a1-4f74-a156-b27268bde75d.__CR0,0,600,180_PT0_SX600_V1___.jpg,https://images-na.ssl-images-amazon.com/images/G/01/x-locale/common/grey-pixel.gif,https://m.media-amazon.com/images/S/aplus-media-library-service-media/c832e64d-788a-4015-8f0d-5ef4ea84aa35.__CR0,510,1500,464_PT0_SX970_V1___.jpg,https://images-na.ssl-images-amazon.com/images/G/01/x-locale/common/grey-pixel.gif,https://m.media-amazon.com/images/S/aplus-media-library-service-media/9e688445-6894-4b7c-a0e2-434875c84817.__CR0,0,500,500_PT0_SX220_V1___.png,https://images-na.ssl-images-amazon.com/images/G/01/x-locale/common/grey-pixel.gif,https://m.media-amazon.com/images/S/aplus-media-library-service-media/7541ca6e-4fa9-4b85-9018-1c5366a50cfa.__CR200,0,880,880_PT0_SX220_V1___.jpg,https://images-na.ssl-images-amazon.com/images/G/01/x-locale/common/grey-pixel.gif,https://m.media-amazon.com/images/S/aplus-media-library-service-media/7788f86e-1da5-4a64-a23c-07f1d31f2d0e.__CR0,0,500,500_PT0_SX220_V1___.png,https://images-na.ssl-images-amazon.com/images/G/01/x-locale/common/grey-pixel.gif,https://m.media-amazon.com/images/S/aplus-media-library-service-media/bfe27c9e-dd83-4716-8af8-e324de6d6fa4.__CR0,108,1000,1000_PT0_SX220_V1___.jpg,https://images-na.ssl-images-amazon.com/images/G/01/x-locale/common/grey-pixel.gif,https://m.media-amazon.com/images/S/aplus-media-library-service-media/141e3e44-cf22-4368-b5a7-f2fe07d3f944.__CR0,206,1080,668_PT0_SX970_V1___.png,https://images-na.ssl-images-amazon.com/images/G/01/x-locale/common/grey-pixel.gif,https://m.media-amazon.com/images/S/aplus-media-library-service-media/93339dee-b253-4611-9474-4339ef9ba34c.__CR230,0,620,620_PT0_SX135_V1___.png,https://images-na.ssl-images-amazon.com/images/G/01/x-locale/common/grey-pixel.gif,https://m.media-amazon.com/images/S/aplus-media-library-service-media/4da51b57-5c42-4585-945c-60aaed3924b7.__CR456,0,3888,3888_PT0_SX135_V1___.jpg,https://images-na.ssl-images-amazon.com/images/G/01/x-locale/common/grey-pixel.gif,https://m.media-amazon.com/images/S/aplus-media-library-service-media/5e872cd9-a18f-4b5d-8c86-092f1320b876.__CR72,0,4016,4016_PT0_SX135_V1___.jpg,https://images-na.ssl-images-amazon.com/images/G/01/x-locale/common/grey-pixel.gif,https://m.media-amazon.com/images/S/aplus-media-library-service-media/749bbdcb-017f-4ca6-bb23-5d0723e22381.__CR0,251,999,999_PT0_SX135_V1___.jpg,https://images-na.ssl-images-amazon.com/images/G/01/x-locale/common/grey-pixel.gif,https://m.media-amazon.com/images/S/aplus-media-library-service-media/a39a219d-f8de-4e2f-8780-6a0da4136457.__CR0,0,970,300_PT0_SX970_V1___.jpg,https://m.media-amazon.com/images/S/aplus-media-library-service-media/59003d75-f736-4e4e-83c3-b351328e6ec2.__CR196,0,540,1080_PT0_SX150_V1___.png,https://m.media-amazon.com/images/S/aplus-media-library-service-media/8da3bfee-f22a-4a0d-bd4c-d93276e7cdcc.__CR0,0,640,1280_PT0_SX150_V1___.jpeg,https://m.media-amazon.com/images/S/aplus-media-library-service-media/293591db-9d83-4e73-bb39-9743ea7864f6.__CR127,0,1500,3000_PT0_SX150_V1___.jpg,https://m.media-amazon.com/images/S/aplus-media-library-service-media/d8e17f6a-877f-4230-9639-d65d142272f2.__CR625,0,1250,2500_PT0_SX150_V1___.jpg,https://m.media-amazon.com/images/S/aplus-media-library-service-media/08840dd3-f0f4-41a9-8945-7263f568a518.__CR0,0,640,1280_PT0_SX150_V1___.jpeg,https://m.media-amazon.com/images/S/aplus-media-library-service-brand-media/9468c3a6ca8357bfec379ccf1d226b71.w2000.h3000.__CR250,0,1500,3000_PT0_SX150_V1___.jpg",
https://www.amazon.in/Mush-Bamboo-Absorbent-facewash-Travel/dp/B09F5W1HV6,B09F5W1HV6,,"Mush Bamboo Face Towel Set of 3 | 100% Bamboo |Ultra Soft, Absorbent & Quick Dry Towel for facewash, Gym, Pool, Travel, Spa, Beauty Salon¬† and Yoga | 14 x 14 Inches (Green,Pink,Grey) 500 GSM",499,4.3,"https://m.media-amazon.com/images/I/51tY+n4IluL.jpg,https://m.media-amazon.com/images/I/A1iiVXGkqZL.jpg,https://m.media-amazon.com/images/I/51k3A4aHBmL.jpg,https://m.media-amazon.com/images/I/31yHC4JwfsL.jpg,https://m.media-amazon.com/images/I/51GWFy2vqzL.jpg,https://m.media-amazon.com/images/I/51KeyPaud7L.jpg,https://m.media-amazon.com/images/I/41GY9CTkpoL.jpg","Size - 35 * 35 cms square towels ; Pack of 3,Ultra Soft: Bamboo Fabric is softer than softest cotton with a natural sheen like silk and cashmere.,Highly Absorbent and Odorless : Bamboo Fibers are 3 times more absorbent than Cotton due to its porous cross section","1,748 global ratings",,,,"Home & Kitchen,Home Furnishing,Bathroom Linen,Towels,Face Towels",,,,"https://images-na.ssl-images-amazon.com/images/G/01/x-locale/common/grey-pixel.gif,https://m.media-amazon.com/images/S/aplus-media/sc/428c7aa8-812a-4580-badf-4c4eb47d4335.__CR0,0,600,180_PT0_SX600_V1___.jpg,https://images-na.ssl-images-amazon.com/images/G/01/x-locale/common/grey-pixel.gif,https://m.media-amazon.com/images/S/aplus-media-library-service-media/c49a1903-891c-4a77-acc2-2f09f0666958.__CR0,1196,4107,1270_PT0_SX970_V1___.jpg,https://images-na.ssl-images-amazon.com/images/G/01/x-locale/common/grey-pixel.gif,https://m.media-amazon.com/images/S/aplus-media-library-service-media/7017469a-5418-4fd1-af6f-decc0e0a2482.__CR356,0,3775,3775_PT0_SX220_V1___.jpg,https://images-na.ssl-images-amazon.com/images/G/01/x-locale/common/grey-pixel.gif,https://m.media-amazon.com/images/S/aplus-media-library-service-media/93339dee-b253-4611-9474-4339ef9ba34c.__CR263,56,564,564_PT0_SX220_V1___.png,https://images-na.ssl-images-amazon.com/images/G/01/x-locale/common/grey-pixel.gif,https://m.media-amazon.com/images/S/aplus-media-library-service-media/fb9fe961-7d28-427e-9288-8e2b563f0ea3.__CR448,0,3762,3762_PT0_SX220_V1___.jpg,https://images-na.ssl-images-amazon.com/images/G/01/x-locale/common/grey-pixel.gif,https://m.media-amazon.com/images/S/aplus-media-library-service-media/37e15195-56d2-47d5-b68d-afc6a9c1a76a.__CR80,130,1003,1003_PT0_SX220_V1___.jpg,https://images-na.ssl-images-amazon.com/images/G/01/x-locale/common/grey-pixel.gif,https://m.media-amazon.com/images/S/aplus-media-library-service-media/349adabc-cf02-448b-8712-44a2b10e4df8.__CR0,0,4042,2500_PT0_SX970_V1___.jpg,https://images-na.ssl-images-amazon.com/images/G/01/x-locale/common/grey-pixel.gif,https://m.media-amazon.com/images/S/aplus-media-library-service-media/a39a219d-f8de-4e2f-8780-6a0da4136457.__CR0,0,970,300_PT0_SX970_V1___.jpg,https://images-na.ssl-images-amazon.com/images/G/01/x-locale/common/grey-pixel.gif,https://m.media-amazon.com/images/S/aplus-media/sc/7c58bdf3-2d71-4fba-8e81-0220b84ecca7.__CR0,0,1500,1500_PT0_SX135_V1___.jpg,https://images-na.ssl-images-amazon.com/images/G/01/x-locale/common/grey-pixel.gif,https://m.media-amazon.com/images/S/aplus-media-library-service-media/04b27d8e-e731-4216-bacc-1ce928475e38.__CR85,0,330,330_PT0_SX135_V1___.jpg,https://images-na.ssl-images-amazon.com/images/G/01/x-locale/common/grey-pixel.gif,https://m.media-amazon.com/images/S/aplus-media-library-service-media/06a945c0-a80f-4ccb-8786-3d0308c216e4.__CR0,320,640,640_PT0_SX135_V1___.jpeg,https://images-na.ssl-images-amazon.com/images/G/01/x-locale/common/grey-pixel.gif,https://m.media-amazon.com/images/S/aplus-media/sc/eace8bc3-a9dd-4026-850d-827dc0898d9a.__CR12,353,908,908_PT0_SX135_V1___.jpg,https://m.media-amazon.com/images/S/aplus-media-library-service-media/3068d7c0-8cea-40fe-87ce-230d94f628e2.__CR0,0,640,1280_PT0_SX150_V1___.jpeg,https://m.media-amazon.com/images/S/aplus-media-library-service-media/06a945c0-a80f-4ccb-8786-3d0308c216e4.__CR0,0,640,1280_PT0_SX150_V1___.jpeg,https://m.media-amazon.com/images/S/aplus-media-library-service-media/15d27e39-0393-4465-8476-07c3bf028b9b.__CR155,0,1500,3000_PT0_SX150_V1___.jpg,https://m.media-amazon.com/images/S/aplus-media-library-service-media/95052fcd-647d-41f1-9276-bdc2fddda570.__CR455,0,1500,3000_PT0_SX150_V1___.jpg,https://m.media-amazon.com/images/S/aplus-media-library-service-media/59003d75-f736-4e4e-83c3-b351328e6ec2.__CR167,4,491,982_PT0_SX150_V1___.png,https://m.media-amazon.com/images/S/aplus-media-library-service-brand-media/9468c3a6ca8357bfec379ccf1d226b71.w2000.h3000.__CR250,0,1500,3000_PT0_SX150_V1___.jpg",
https://www.amazon.in/1997-2007-VT1100-Shadow-16950-MAH-023-ERNP/dp/B0BMF8GF4X,B0BMF8GF4X,,OEM Fit for 1997-2007 VT1100/1100C Shadow ACE Spirit PETCO 16950-MAH-023 ERNP,,,"https://m.media-amazon.com/images/I/31nuErF7ZcL.jpg,https://m.media-amazon.com/images/I/21iThUySQJL.jpg,https://m.media-amazon.com/images/I/4133dnGlosL.jpg,https://m.media-amazon.com/images/I/41j4NyKyoxL.jpg,https://m.media-amazon.com/images/I/31hm1NJR9rL.jpg,https://m.media-amazon.com/images/I/31ZDT8OMKeL.jpg","üåº Use performance materials to increase durability and provide greater reliability.,üåº Direct repla ent part with same specifications as the original.,üåº Fit for 1997-2007 VT1100/1100C.,üåº,üåº",,,,,"Car & Motorbike,Motorbike Accessories & Parts,Lighting,Headlights,Front Headlights",,,,,
https://www.amazon.in/Petco-Brand-Buffalo-Check-Collar/dp/B074TGC4RG,B074TGC4RG,,"Petco Brand - Bond & Co. Buffalo Check Dog Collar, for Neck Sizes 12-15, Small, Red","3,456",4.6,"https://m.media-amazon.com/images/I/41yeEWY3arL.jpg,https://m.media-amazon.com/images/I/51TsPksruAL.jpg","Buffalo Check Dog Collar from Bond & Co.,Features finely-crafted red and black checkered fabric pattern over a leather interior,Uses dark metal hardware accents and a Bond & Co. tag charm,Includes metal D-ring for attaching additional dog accessories,Matching Bond & Co. Dog leashes and accessories are available and sold separately",9 global ratings,,,,"Pet Supplies,Dogs,Collars, Harnesses & Leashes,Collars",,,,,The Bond & Co. Buffalo Check Dog Collar is a hip choice for the playful pup with a fashion sense. This leather dog collar is carefully crafted to provide a rugged sense of style so your pooch is turning heads on your next outing.
https://www.amazon.in/PETCO-Deluxe-Ferret-Harness-Color/dp/B003IMQCAY,B003IMQCAY,,"PETCO Deluxe Ferret Harness and Lead Set, Color:Assorted by Ferret Frenzy","3,724",,https://m.media-amazon.com/images/I/41+I1ygydpL.jpg,,,,,,"Pet Supplies,Cats,Collars, Harnesses & Leashes,Harnesses",,,,,"PETCO Deluxe Ferret Harness and Lead Set, Color:Assorted by Ferret Frenzy"
https://www.amazon.in/Layfuz-Filter-Low-Tension-Replacement-Scooter/dp/B09JK5P3XD,B09JK5P3XD,,Layfuz Fuel Pump Valve Petco wi Filter Low-Tension Switch Replacement for GY6 50cc 60cc 80cc 125cc 150cc ATV Go Kart Moped Scooter,,,"https://m.media-amazon.com/images/I/31kE-RBUn1L.jpg,https://m.media-amazon.com/images/I/31zgjrbRn7L.jpg,https://m.media-amazon.com/images/I/31L4FuyZCFL.jpg,https://m.media-amazon.com/images/I/314gPI+j+OL.jpg,https://m.media-amazon.com/images/I/31ozMWWYjHL.jpg,https://m.media-amazon.com/images/I/31zdZKCki+L.jpg","Products are guaranteed to be 100% brand new.,Made of premium qu metal, it is sturdy and durable wi long service life.,e item fits for GY6 50cc 60cc 80cc 125cc 150cc ATV Go Kart Moped Scooter.,Fit for M16 (16mm diameter) read stem fuel tank.,Easy to install and use.",,,,,"Car & Motorbike,Car Parts,Filters,Fuel Filters",,,,,
https://www.amazon.in/Petco-Brand-Imagitarium-Aquarium-Salt/dp/B078Z367R6,B078Z367R6,,"Petco Brand - Imagitarium Aquarium Salt, 20oz, 20 FZ","2,871",4.5,https://m.media-amazon.com/images/I/41SLIbiVT0L.jpg,"Aquarium Salt from Imagitarium,Helps reduce fish stress,Replenishes electrolytes,Reduces the effects of nitrite,Made in the USA",49 global ratings,,,,"Pet Supplies,Fish & Aquatics,Aquarium Accessories,Water Quality Testing & Treatment,Water Treatments",,,,,The Imagitarium Aquarium Salt improves the efficiency of medications and reduces the harmful effects of nitrite on your pets. This all-natural salt is made from evaporated sea water and promotes healthy gill function while reducing stress and loss of electrolytes.
https://www.amazon.in/Petco-PETCO-Dog-Training-Clicker/dp/B0006344B2,B0006344B2,,PETCO Dog Training Clicker,"3,561",4.1,https://m.media-amazon.com/images/I/41+QdMzEh7L.jpg,,126 global ratings,,,,"Pet Supplies,Dogs,Training & Behaviour Aids,Training Clickers",,,,,Loud and long-lasting clicker is an indispensable tool for obedience training. Includes a d-ring for hanging on your keychain or storing on your dog's leash or sports bag..
https://www.amazon.in/TUMOVO-American-Baseball-Pictures-Paintings/dp/B08ZSD3DJH,B08ZSD3DJH,,"TUMOVO American Art Wall Decor Baseball Stadium Pictures Petco Park Paintings Multi Panel Canvas Wall Art Artwork Home Decor for Living Room Framed Ready to Hang Posters and Prints, 60"" Wx40 H","19,128",4.3,"https://m.media-amazon.com/images/I/51vuUgFpbqL.jpg,https://m.media-amazon.com/images/I/51oWTEcO2TL.jpg,https://m.media-amazon.com/images/I/51ALsB9gWsL.jpg,https://m.media-amazon.com/images/I/51Y1WJSspyL.jpg,https://m.media-amazon.com/images/I/41C5rmRt9FL.jpg,https://m.media-amazon.com/images/I/514+jExe6wL.jpg,https://m.media-amazon.com/images/I/61BaYq1F8PL.jpg","„ÄêCanvas Prints Size„ÄëThe product is 40""x20"" each piece. You will get 3 panels as a set if order. When every piece is placed horizontally and side by side, the total size is 60""Wx40""H(100x150cm).,„ÄêHigh Definition„ÄëHigh definition picture photo prints on quality canvas with vivid color, creating the look and feel of original nature. It gives people an immersive atmosphere when the canvas painting is hung.,„ÄêQuality Material„ÄëCanvas art wall paintings made of 100% anti-fade cotton linen, and it is waterproof, lightweight, safe friendly. Framed wall art has long lasting durability, so you can keep it for a long time.,„ÄêReady To Hang„ÄëHome decor canvas pictures for wall is already perfectly stretched on strong wooden frame and metal hooks have been mounted on each panel. You can hang it with traceless thumbtacks easily.,„ÄêIdeal Gift„ÄëCanvas wall decor is a nice gift choice for Birthday, Christmas, Thanksgiving Day, New Year and any other important occasions. Perfect gift for family, friends, colleagues or customers.",49 global ratings,,1 kg 750 g,,"Home & Kitchen,Artwork,Art Prints",,,,,"Registered Artwork Brand: TUMOVO,Since 2015, as a professional modern canvas wall art manufacturer, TUMOVO has been obsessed with one thing: providing customers with the highest quality canvas wall art anywhere, ensure our customers have a good user experience.,üåà ,Introduction:,‚óÜCanvas print printed at hi-res on quality thick artist premium canvas with extra mirrored border.,‚óÜCanvas stretched professionally over sturdy wooden stretcher fir frame which is kiln dried.,‚óÜEach panel wrapped around sides resulting in a top quality deep 3D effect interior decor art work and hook attached.,‚óÜEach canvas panel put into a plastic bag and then put into solid master carton for shipping.,üåà ,Benefits:,This canvas artwork comes already framed ready to hang, each panel has a wide hook already attached for easy hanging.,Exquisite packaging :Your item will be carefully packaged in cardboard to ensure they reach you in perfect condition.,üåà ,Great Inspirational Art for Wall Decor:,Perfect choice for wall decor such as living room, bedroom, guest room, bathroom, dinning room, meeting room, hallway, nurseries, coffee house, condo house, hotels, inn, Spa, Lounge, Sauna and other spaces of home, office, business, reflection and relaxation.,üåà ,Perfect Gift Idea:,For wedding, anniversary, thanksgiving, christmas, mother's Day, father's Day, valentine, birthday and others.,üåà ,Important For Size:,Please note display pictures are only for illustration purposes.,Please measure your wall properly and make sure you pick the right size."
https://www.amazon.in/Pen-Plax-DBC2448CB-Aquarium-Background/dp/B0018CFX6A,B0018CFX6A,,Pen Plax DBC2448CB Petco Double Sided Aquarium Background,"5,382",4.2,https://m.media-amazon.com/images/I/61JSpABBaLL.jpg,"Enhances the look of your aquarium or terrarium,Hides tubing & power cords,Can be trimmed to fit smaller sized aquariums,Petco Double Sided Aquarium Background",14 global ratings,,,,"Pet Supplies,Fish & Aquatics,Aquarium Accessories,Aquarium D√©cor",,,,,
https://www.amazon.in/Bond-Have-People-Collar-Charm/dp/B08VJC8KQQ,B08VJC8KQQ,,"PETCO Brand - Bond & Co. Have Your People Call My People Dog Collar Charm, Large","1,898",4.7,https://m.media-amazon.com/images/I/31Q7Ha4v-AL.jpg,"Have Your People Call My People Dog Collar Charm from Bond & Co.,Features a circular shape and engraved Have Your People Call My People messaging,Designed to be worn with identification tags,Lobster claw clasp attaches to collar D-rings with ease",6 global ratings,,,,"Pet Supplies,Dogs,Collars, Harnesses & Leashes,Collars",,,,,The Bond & Co. Have Your People Call My People Dog Collar Charm lets your pup's personality shine with an engraved medallion. Simply clip on next to their identification tags to add a playful bit of whimsy to their collar.
https://www.amazon.in/Petco-Adjustable-Harness-Black-Small/dp/B00A3T810E,B00A3T810E,,"Petco Adjustable Mesh Harness for Big and Tall Dogs in Black & Gray, Small","4,724",3.5,https://m.media-amazon.com/images/I/516Kq7r-YSL.jpg,"Designed specifically for big and tall dogs,Fully adjustable for a snug & custom fit,Breathable, lightly padded mesh for the utmost in comfort,Nylon strap has two metal D-rings to attach a leash,Extra tab for attaching an ID tag or charm",4 global ratings,,,,"Pet Supplies,Dogs,Collars, Harnesses & Leashes,Harnesses,Basic Halter Harnesses",,,,,"Petco Adjustable Mesh Harness for Big and Tall Dogs in Black & GrayOur Petco Adjustable Mesh Harness for Big and Tall Dogs is a super-stylish ultra-comfortable harness. The gunmetal finish metal hardware adds flair while the bold colors really show off your Big and Tall dog's sense of style. Lightly padded material with breathable mesh provides the utmost comfort. Designed with easy slide-and-lock tabs (much like how a ski boot works) at the neck and adjustable slides in the chest area, this harness will have a snug and custom fit for your Big and Tall dog. This harness also has a longer back piece to allow for a better fit on more breeds. Harness also includes a heavy-duty plastic snap lock buckle for extra security. The nylon strap has two metal D-rings for attaching a leash. The second D-ring is positioned to allow you to put a coat or safety vest on your pooch without having to remove the harness. This harness even includes an extra tab for clipping on an ID Tag or charm. In addition to being comfy, stylish and featuring added safety measures for your furry friend, this body harness alleviates pulling and strain and helps to distribute your Big and Tall dog's body weight evenly. The V-shape neckline is designed so that when the dog pulls on its lead, the harness pulls at the chest and not the neck. This provides a better walking experience for both you and your pet."
https://www.amazon.in/Yellow-Chimes-Jewellery-Multilayed-Traditional/dp/B09YD6V14Z,B09YD6V14Z, Yellow Chimes ,Yellow Chimes Kundan Jewellery Set for Women Multilayed Pearl Choker Necklace Set Gold Plated Traditional Necklace Set for Women and Girls.,,,"https://m.media-amazon.com/images/I/41FFAnR16SL.jpg,https://m.media-amazon.com/images/I/51SpUH3khRL.jpg,https://m.media-amazon.com/images/I/31QxrvcrYFL.jpg,https://m.media-amazon.com/images/I/31hdYDZyQwL.jpg,https://m.media-amazon.com/images/I/4118eY3tm7L.jpg","Going traditional is always in trend. Deck your neck up this festive season with our Emerald Beads and Kundan Statement Necklace, one enogh to hold everyone's eyes. The typical craftmenship holds the authenticity of Rajwada culture.,Yellow Chimes by Globalbees brings you skilfully crafted collection of Kundan Jewellery with quality checked raw materials used in its making, in accordance with the set industry norms, giving the product a superior attractiveness, superior shine and a fine finishing.,Usage- An ethnic dress- be it saree to drape or Kurta Set of any style, perfect choice for all your festive occasions! With this jewellery set you don't need anything else to make you stand out.,3 Units Overall. Size Details - Necklace:Full Length Including Adjustable: 41.5cm, Frontend Length: 25CM Width: 6.5cm. Earrings: Length: 3.8cm, Width: 1.7 cm.,Ideal Gift for Women ! - Ideal Valentine, Birthday, Anniversary gift for someone you ‚ù§ LOVE ‚ù§. With our packaging Box, you do not need to opt-in for any additional gift packaging. The product comes in a beautiful Elegant Ready-to-Gift Box.",,,100 g, Brass ,"Jewellery,Girls,Jewellery Sets",,,,"https://images-na.ssl-images-amazon.com/images/G/01/x-locale/common/grey-pixel.gif,https://m.media-amazon.com/images/S/aplus-media-library-service-media/2eb1dc49-2951-4d4f-b861-56825205e570.__CR0,0,970,600_PT0_SX970_V1___.jpg,https://images-na.ssl-images-amazon.com/images/G/01/x-locale/common/grey-pixel.gif,https://m.media-amazon.com/images/S/aplus-media-library-service-media/63dfcac2-0775-45a1-8b09-b367b7a0f454.__CR0,0,970,600_PT0_SX970_V1___.jpg,https://images-na.ssl-images-amazon.com/images/G/01/x-locale/common/grey-pixel.gif,https://m.media-amazon.com/images/S/aplus-media-library-service-media/e50871c0-1f59-4dd8-b0fd-5a4dd18008b4.__CR0,0,970,600_PT0_SX970_V1___.jpg,https://images-na.ssl-images-amazon.com/images/G/01/x-locale/common/grey-pixel.gif,https://m.media-amazon.com/images/S/aplus-media-library-service-media/bd1728e0-9789-4503-b850-1049c141c556.__CR0,0,4042,2500_PT0_SX970_V1___.jpg,https://images-na.ssl-images-amazon.com/images/G/01/x-locale/common/grey-pixel.gif,https://m.media-amazon.com/images/S/aplus-media-library-service-media/f4bd0fae-5dd5-458c-bad9-f1a10fcae022.__CR0,0,970,300_PT0_SX970_V1___.jpg,https://images-na.ssl-images-amazon.com/images/G/01/x-locale/common/grey-pixel.gif,https://m.media-amazon.com/images/S/aplus-media-library-service-media/8d2a1ede-e831-4318-ab3e-be115b6d628c.__CR0,0,970,600_PT0_SX970_V1___.jpg",
https://www.amazon.in/Yellow-Chimes-Pendants-Stainless-Anniversary/dp/B0BRZWLD3G,B0BRZWLD3G, Yellow Chimes ,Yellow Chimes Pendant for Men and Boys Cross Pendants For Men | Black Color Stainless Steel Cross Pendant Chain for Men| Birthday Gift for Men and Boys Anniversary Gift for Husband,449.0,,"https://m.media-amazon.com/images/I/316NR8e607L.jpg,https://m.media-amazon.com/images/I/61xGjqLDzGL.jpg,https://m.media-amazon.com/images/I/51M31bJk61L.jpg,https://m.media-amazon.com/images/I/31VuKAmd00L.jpg,https://m.media-amazon.com/images/I/31nnEQSHV+L.jpg,https://m.media-amazon.com/images/I/31WnJYdKMpL.jpg","This Cross Pendant is a perfect accessory for all your outfits. Our Product is perfect for valentines Anniversary Birthday gift for Husband boyfriend Men.,Size Details: Chain Length - 60CM, Charm Length - 5.5CM, Width - 2.5CM. Weight - 20.20GM,Alloy:¬†Wipe with Soft Cloth after every use. Keep away from Water, sprays or perfumes. Try to store your jewellery in a flat box to avoid accidental scratches.¬† Stainless Steel:¬†Harsh Usage or scratching, Avoid Harsh Chemicals. Wipe with soft cloth in case of dust accumulation.,Packaging- Your favorite piece of Jewellery will reach you in an Elegant Yellow Chimes box with safety and precautions. You can leave it to us the job of delivering your Jewellery in original condition to you at your door-step.,Brand Vision - Yellow Chimes is the one stop solution for all jewellery lovers- which is affordable and can fit for any occasion you pick to shape your own style and personality.",,China,, Metal ,"Jewellery,Men,Pendants",,,,,"Yellow Chimes, A Brand by Globalbees, brings exclusive Fashion and Traditional Jewellery designs to you from renowned Jewellery manufacturers all over the World. The Best Price is assured to you as we remove all middle- man margins and real-estate expenses by directly purchasing from direct manufacturers. Thus, beautiful and contemporary Ethnic and Statement Jewellery is made available at very reasonable prices to our valuable customers."
https://www.amazon.in/Raajsi-Yellow-Chimes-Certificate-Authenticity/dp/B0BCYTF94N,B0BCYTF94N, Raajsi by Yellow Chimes ,Raajsi by Yellow Chimes 925 Sterling Silver Drop Earrings for Women & Girls Pure Silver Drop Earrings Birthday Gift for Girls & Women |With Certificate of Authenticity and 925 Stamp,499.0,,"https://m.media-amazon.com/images/I/31oeTKcDBpL.jpg,https://m.media-amazon.com/images/I/31mTzqWTUCL.jpg,https://m.media-amazon.com/images/I/31j3qlPQFrL.jpg,https://m.media-amazon.com/images/I/41SCvhxPjEL.jpg","This Sterling Silver Gold Color Drop earrings for Women comes with very unique leaf drop design. Our Product is perfect for valentines Anniversary Birthday gift for girlfriend Womens Wife. With 6 Months Warranty & Certificate of Authenticity.,Size Details: Length - 1.3Cm, Width - 0.9CM. Weight - 1.76,Care instructions:Take a soft cleaning cloth for cleaning off the dust after every use, store it in a flat box to avoid accidental scratches. Keep sprays and perfumes away from your jewellery, do not soak it in water,WARRANTY: Raajsi by Yellow Chimes offers a manufacturer's warranty* that covers the replacement of your Raajsi by Yellow Chimes Jewellery for 6 months from the date of purchase. Providing the original invoice is mandatory. *T&C apply, detailed T&C available on our website,Brand Vision:People melt and shape their life with tiny little memories, Raajsi store is here to craft some of those. Certification: All our jewellery is 925 Stamped and comes with an Authenticity Certificate",,China,, Sterling Silver ,"Jewellery,Women,Earrings",,,,"https://images-na.ssl-images-amazon.com/images/G/01/x-locale/common/grey-pixel.gif,https://m.media-amazon.com/images/S/aplus-media-library-service-media/d5bd8087-51b7-4dc6-97c2-52817e0d8b7c.__CR0,0,970,600_PT0_SX970_V1___.jpg,https://images-na.ssl-images-amazon.com/images/G/01/x-locale/common/grey-pixel.gif,https://m.media-amazon.com/images/S/aplus-media-library-service-media/a10368b5-c499-4ffd-8a92-4d3048b47a0e.__CR0,0,970,600_PT0_SX970_V1___.jpg,https://images-na.ssl-images-amazon.com/images/G/01/x-locale/common/grey-pixel.gif,https://m.media-amazon.com/images/S/aplus-media-library-service-media/3af19d51-2c22-480d-9101-6523de327adc.__CR0,0,970,600_PT0_SX970_V1___.jpg,https://images-na.ssl-images-amazon.com/images/G/01/x-locale/common/grey-pixel.gif,https://m.media-amazon.com/images/S/aplus-media-library-service-media/a764b0ed-997e-450b-a095-669d56aa63da.__CR0,0,4042,2500_PT0_SX970_V1___.jpg,https://images-na.ssl-images-amazon.com/images/G/01/x-locale/common/grey-pixel.gif,https://m.media-amazon.com/images/S/aplus-media-library-service-media/54c287c0-c61b-4b9a-a8ee-6e8538ff3464.__CR0,0,970,300_PT0_SX970_V1___.jpg,https://images-na.ssl-images-amazon.com/images/G/01/x-locale/common/grey-pixel.gif,https://m.media-amazon.com/images/S/aplus-media-library-service-media/41e4f921-be8b-4b13-bd7d-6a1eaf644989.__CR0,0,970,600_PT0_SX970_V1___.jpg",
https://www.amazon.in/Yellow-Chimes-Crystal-Radiant-Earrings/dp/B01DRJNTLW,B01DRJNTLW, Yellow Chimes ,Yellow Chimes Earrings for Women & Girls | Fashion Blue Crystal Stone Radiant Clip on Drop Earring | Elegant Rose Gold Plated | Round shaped Drops | Birthday & Anniversary Gift,219.0,4.1,"https://m.media-amazon.com/images/I/5179VDB6rqL.jpg,https://m.media-amazon.com/images/I/41cFcd8yjfL.jpg,https://m.media-amazon.com/images/I/51+Nr-0qLAL.jpg,https://m.media-amazon.com/images/I/411HyGNHFjL.jpg,https://m.media-amazon.com/images/I/51PbAupJb1L.jpg,https://m.media-amazon.com/images/I/51QsgUoATQL.jpg,https://m.media-amazon.com/images/I/51rak4seT0L.jpg,https://m.media-amazon.com/images/I/416nNNVRkBL.jpg","Sparkling Eye catched Rose Gold plated Clip on Drop Earring. Blue Crystal Stone Round Shaped Earring. Our Product is perfect for valentines Anniversary Birthday gift for girlfriend and Wife.,SIZE: 2.3*1.3 cm, Closure is Clip on, Material is Rose gold and Metal is Alloy.,Care Instructions:¬†Wipe with Soft Cloth after every use. Keep away from Water, sprays or perfumes. Try to store your jewellery in a flat box to avoid accidental scratches.,Packaging- Your favorite piece of Jewellery will reach you in an Elegant Yellow Chimes box with safety and precautions. You can leave it to us the job of delivering your Jewellery in original condition to you at your door-step.,Brand Vision - Yellow Chimes is the one stop solution for all jewellery lovers- which is affordable and can fit for any occasion you pick to shape your own style and personality.",288 global ratings,China,50 g, Rose Gold Plated ,"Jewellery,Women,Earrings",8.0,8.0,5.0,"https://images-na.ssl-images-amazon.com/images/G/01/x-locale/common/grey-pixel.gif,https://m.media-amazon.com/images/S/aplus-media-library-service-media/23c00838-db8d-4433-b7cd-907e439111cf.__CR0,0,970,600_PT0_SX970_V1___.jpg,https://images-na.ssl-images-amazon.com/images/G/01/x-locale/common/grey-pixel.gif,https://m.media-amazon.com/images/S/aplus-media-library-service-media/0ba4dcd8-d4ab-4dc0-ac37-1a54fa6a4e87.__CR0,0,970,600_PT0_SX970_V1___.jpg,https://images-na.ssl-images-amazon.com/images/G/01/x-locale/common/grey-pixel.gif,https://m.media-amazon.com/images/S/aplus-media-library-service-media/67b9b485-64a7-4b4f-8958-b2f5c2a50a84.__CR0,0,970,600_PT0_SX970_V1___.jpg,https://images-na.ssl-images-amazon.com/images/G/01/x-locale/common/grey-pixel.gif,https://m.media-amazon.com/images/S/aplus-media-library-service-media/c7f25bca-1637-4e4c-a166-fa5a68c4f7b3.__CR0,0,970,600_PT0_SX970_V1___.jpg,https://images-na.ssl-images-amazon.com/images/G/01/x-locale/common/grey-pixel.gif,https://m.media-amazon.com/images/S/aplus-media-library-service-media/54c287c0-c61b-4b9a-a8ee-6e8538ff3464.__CR0,0,970,300_PT0_SX970_V1___.jpg,https://images-na.ssl-images-amazon.com/images/G/01/x-locale/common/grey-pixel.gif,https://m.media-amazon.com/images/S/aplus-media-library-service-media/0e2b5c8f-491b-4f65-bc11-1b1e4946527a.__CR0,0,970,600_PT0_SX970_V1___.jpg",
https://www.amazon.in/Yellow-Chimes-Double-Zircons-Earrings/dp/B01CZELI0Y,B01CZELI0Y, Yellow Chimes ,Yellow Chimes Earrings for Women and Girlswomen,349.0,4.1,"https://m.media-amazon.com/images/I/51Hb2Hwy5VL.jpg,https://m.media-amazon.com/images/I/51+Nr-0qLAL.jpg,https://m.media-amazon.com/images/I/51wMEUeZJ2L.jpg,https://m.media-amazon.com/images/I/61ObUm6Q8RL.jpg,https://m.media-amazon.com/images/I/41ZQGMF7EuL.jpg,https://m.media-amazon.com/images/I/51tRtNqUjiL.jpg,https://m.media-amazon.com/images/I/51QsgUoATQL.jpg","Care Instructions:¬†Wipe with Soft Cloth after every use. Keep away from Water, sprays or perfumes. Try to store your jewellery in a flat box to avoid accidental scratches.",519 global ratings,China,50 g, Rose Gold Plated ,"Jewellery,Women,Earrings",,48.0,,"https://images-na.ssl-images-amazon.com/images/G/01/x-locale/common/grey-pixel.gif,https://m.media-amazon.com/images/S/aplus-media-library-service-media/23c00838-db8d-4433-b7cd-907e439111cf.__CR0,0,970,600_PT0_SX970_V1___.jpg,https://images-na.ssl-images-amazon.com/images/G/01/x-locale/common/grey-pixel.gif,https://m.media-amazon.com/images/S/aplus-media-library-service-media/0ba4dcd8-d4ab-4dc0-ac37-1a54fa6a4e87.__CR0,0,970,600_PT0_SX970_V1___.jpg,https://images-na.ssl-images-amazon.com/images/G/01/x-locale/common/grey-pixel.gif,https://m.media-amazon.com/images/S/aplus-media-library-service-media/67b9b485-64a7-4b4f-8958-b2f5c2a50a84.__CR0,0,970,600_PT0_SX970_V1___.jpg,https://images-na.ssl-images-amazon.com/images/G/01/x-locale/common/grey-pixel.gif,https://m.media-amazon.com/images/S/aplus-media-library-service-media/c7f25bca-1637-4e4c-a166-fa5a68c4f7b3.__CR0,0,970,600_PT0_SX970_V1___.jpg,https://images-na.ssl-images-amazon.com/images/G/01/x-locale/common/grey-pixel.gif,https://m.media-amazon.com/images/S/aplus-media-library-service-media/54c287c0-c61b-4b9a-a8ee-6e8538ff3464.__CR0,0,970,300_PT0_SX970_V1___.jpg,https://images-na.ssl-images-amazon.com/images/G/01/x-locale/common/grey-pixel.gif,https://m.media-amazon.com/images/S/aplus-media-library-service-media/0e2b5c8f-491b-4f65-bc11-1b1e4946527a.__CR0,0,970,600_PT0_SX970_V1___.jpg",
https://www.amazon.in/Yellow-Chimes-Crystal-Square-Wedding/dp/B0BD929MTK,B0BD929MTK, Yellow Chimes ,Yellow Chimes Rings for Women Yellow Topaz Stone Crystal Square Shaped Silver Plated Wedding Rings for Women and Girl's.,349.0,4.0,"https://m.media-amazon.com/images/I/41uNjDX3BuL.jpg,https://m.media-amazon.com/images/I/413z-aF9CnL.jpg,https://m.media-amazon.com/images/I/51+Nr-0qLAL.jpg,https://m.media-amazon.com/images/I/41ihGNFzT4L.jpg,https://m.media-amazon.com/images/I/41pA4ADf2FL.jpg,https://m.media-amazon.com/images/I/41Utq4NysSL.jpg,https://m.media-amazon.com/images/I/31II+2TKF3L.jpg,https://m.media-amazon.com/images/I/51Kc0tyCdFL.jpg","Stylish and Trendy - Intricate High Polish Topaz stone Crystal Ring Creates Glamorous Reflections And Adds A Luxurious Look. Micro White Gold Plated For High Durability.,Beautiful Looks at One Glance- with Intricate High Polish creates Glamorous Reflections and adds Luxurious Looks.,Produced under Quality Control; One by One Checking; Focus on Detail Processing. Top Quality/ Latest Trend Design/Anty-Allergy .,Size - US 7- which is around 1.74 CM in diameter. Width - 1.3 CM,Gift for women! - ideal valentine, birthday, anniversary gift for someone you ? love ?. with our packaging box, you do not need to opt-in for any additional gift packaging. the product comes in a beautiful elegant ready-to-gift box",47 global ratings,India,50 g, Silver Plated ,"Jewellery,Girls,Rings",,3.15,1.3,,"Yellow Chimes brings exclusive Traditional Jewellery designs to you from renowned Jewellery manufacturers all over the India. The Best Price is assured to you as we remove all middlemen margins and real-estate expenses by directly purchasing from international manufacturers. Thus, beautiful and contemporary Fashion Jewellery is made available at very reasonable prices to our valuable customers."
https://www.amazon.in/Yellow-Chimes-Sparkling-Flowerets-Earrings/dp/B073LDLLW2,B073LDLLW2, Yellow Chimes ,Yellow Chimes Sparkling Colors Flowerets Vine Swiss CZ Clip On Earrings for Women,299.0,4.0,"https://m.media-amazon.com/images/I/51kGNjp2bEL.jpg,https://m.media-amazon.com/images/I/41vx42r-CUL.jpg,https://m.media-amazon.com/images/I/41JAfpcXs5L.jpg,https://m.media-amazon.com/images/I/512WDIMG4IL.jpg","BEAUTY- A Vine of Radiating Flowerets winding on your ears, to give you glamorous looks with colorful swiss Zircons. These Cip on earrings are whimsical and eye catching, and would be wonderful smartly finishes off your look, with a beautiful pop of color. So Un-Wind Your beauty with splash of colors!,QUALITY- The specialty of this Technique is - AAA Swiss Cubic Zircons are used. Micro Inlay for Zircons is used. Three times of 18k Rose Gold Plating is used which is not easy to fade.,SKIN FRIENDLY- Alloy (97% tin and 3% bismuth). Nickel free and Lead free as per International Standards that makes it very skin friendly.,SIZE- Earrings are 2 cm in Length and 0.7 cm wide.,GIFT FOR HER! - Ideal Valentine, Birthday, Anniversary gift for someone you LOVE.","2,089 global ratings",China,50 g, Copper ,"Jewellery,Women,Earrings",8.0,8.0,5.0,"https://images-na.ssl-images-amazon.com/images/G/01/x-locale/common/grey-pixel.gif,https://m.media-amazon.com/images/S/aplus-media/sota/a13c50f8-aa6c-45ce-ae10-09c954a6870f._SR970,300_.jpg,https://images-na.ssl-images-amazon.com/images/G/01/x-locale/common/grey-pixel.gif,https://m.media-amazon.com/images/S/aplus-media/sota/9401dc6f-b8df-4f66-8355-3a86ae2ce2ae._SL300__.jpg,https://images-na.ssl-images-amazon.com/images/G/01/x-locale/common/grey-pixel.gif,https://m.media-amazon.com/images/S/aplus-media/sota/ab4a29dd-ba6f-4fcb-a857-1abbeb0a244b._SL300__.jpg,https://images-na.ssl-images-amazon.com/images/G/01/x-locale/common/grey-pixel.gif,https://m.media-amazon.com/images/S/aplus-media/sota/9e7edc14-5b38-4a71-9dc2-564fd6cd5b25._SL300__.jpg,https://images-na.ssl-images-amazon.com/images/G/01/x-locale/common/grey-pixel.gif,https://m.media-amazon.com/images/S/aplus-media/sota/b964dd14-a749-42b5-ab5e-01cfd7410234._SL300__.jpg,https://images-na.ssl-images-amazon.com/images/G/01/x-locale/common/grey-pixel.gif,https://m.media-amazon.com/images/S/aplus-media/sota/c194c9a1-cb22-46e6-ab91-c1a4cd161640._SL300__.jpg,https://images-na.ssl-images-amazon.com/images/G/01/x-locale/common/grey-pixel.gif,https://m.media-amazon.com/images/S/aplus-media/sota/c88ead59-d4bf-4efd-b34e-0431758b3571._SL300__.jpg,https://images-na.ssl-images-amazon.com/images/G/01/x-locale/common/grey-pixel.gif,https://m.media-amazon.com/images/S/aplus-media/sota/91c6b94f-a06c-4eca-b41c-f81e8e23ae31._SL300__.jpg","YELLOW CHIMES brings exclusive Fashion Jewellery designs to you from renowned jewellery manufacturers all over the world. The Best Price is assured to you as we remove all middlemen margins and real-estate expenses by directly purchasing from international manufacturers. Thus, beautiful and contemprary Fashion Jewellery is made available at very reasonable prices to our valuable customers."
https://www.amazon.in/Yellow-Chimes-Multilayer-Jewellery-Traditional/dp/B09NSR7VVT,B09NSR7VVT, Yellow Chimes ,Yellow Chimes Ethnic Multilayer Pearl Beads Jewellery Set Traditional Choker Necklace Set for Women and Girls‚Ä¶,199.0,4.4,"https://m.media-amazon.com/images/I/41jkdE4UnlL.jpg,https://m.media-amazon.com/images/I/41R94cyDRRL.jpg,https://m.media-amazon.com/images/I/519zrmQ2LGL.jpg,https://m.media-amazon.com/images/I/412-GbuY7sL.jpg,https://m.media-amazon.com/images/I/41ST3sjbMpL.jpg,https://m.media-amazon.com/images/I/41Hlxq88IxL.jpg","Ethnic & stylish looks latest trend Studded Kundan Meenakari Jewellery Set gold plated traditional designer jewellery set Stunning & Preciously Suitable Looks for all Kinds of Occasions- Party / Festival / Wedding.,Beautiful Looks at One Glance- with Intricate High Polish creates Glamorous Reflections and adds Luxurious Looks.,Produced under Quality Control; One by One Checking; Focus on Detail Processing. Top Quality/ Latest Trend Design/Anty-Allergy,Skin friendly: Nickel free and lead free as per international standards. Anti-allergic and safe for skin. Necklace Height- 34 CM Including Adjustable, Width - 4.5 CM, Charm Length: 17.2 CM, Maang Tikka Length -13.5 CM, Earrings Size : 6.5* 2.3 CM,Gift for women! - ideal valentine, birthday, anniversary gift for someone you love. with our packaging box, you do not need to opt-in for any additional gift packaging. the product comes in a beautiful elegant ready-to-gift box,Gift for women! - ideal valentine, birthday, anniversary gift for someone you love. with our packaging box, you do not need to opt-in for any additional gift packaging. the product comes in a beautiful elegant ready-to-gift box",6 global ratings,India,100 g, Copper ,"Jewellery,Girls,Jewellery Sets",8.0,8.0,5.0,,"Yellow Chimes brings exclusive Fashion Jewellery designs to you from renowned jewellery manufacturers all over the world. The Best Price is assured to you as we remove all middlemen margins and real-estate expenses by directly purchasing from international manufacturers. Thus, beautiful and contemporary Fashion Jewellery is made available at very reasonable prices to our valuable customers."
https://www.amazon.in/Yellow-Chimes/dp/B0B59MKV4Y,B0B59MKV4Y, Yellow Chimes ,Yellow Chimes,219.0,3.8,"https://m.media-amazon.com/images/I/31zPb3y3lFL.jpg,https://m.media-amazon.com/images/I/415FLr3shRL.jpg,https://m.media-amazon.com/images/I/31Sp4cs9QFL.jpg,https://m.media-amazon.com/images/I/51+Nr-0qLAL.jpg,https://m.media-amazon.com/images/I/41EFSD+ba0L.jpg,https://m.media-amazon.com/images/I/51GFRVNEyHL.jpg,https://m.media-amazon.com/images/I/51CqMNx8hAL.jpg,https://m.media-amazon.com/images/I/318jfpdQH8L.jpg","Elegant and eye-catching, this pendant features a stylish design with crystal. A highly polished finish completes the look of this beautiful pendant. It hangs from a black cord.,Looks- Yellow Chimes by Globalbees brings this selective piece to you with beautiful Looks at One Glance with Intricate High Polish that creates Glamorous Reflections. Perfect for office wear or a casual day out when you want to look gorgeous but don't want to attract too much attention.,Highlights the slender outline of your neck. Matches well with your clothes, makes you more fashionable. Easy to wear.,Pendant - 3*1.3 CM, Rope length- 80 CM.,Gift for men! - ideal valentine, birthday, anniversary gift for someone you ‚ù§ love ‚ù§. with our packaging box, you do not need to opt-in for any additional gift packaging. the product comes in a beautiful elegant ready-to-gift box","2,884 global ratings",India,50 g, Crystal ,,,3.0,1.5,"https://images-na.ssl-images-amazon.com/images/G/01/x-locale/common/grey-pixel.gif,https://m.media-amazon.com/images/S/aplus-media/sota/25cbafa1-97be-4938-b7cc-57f453454504.__CR0,0,300,300_PT0_SX300_V1___.jfif",
https://www.amazon.in/Yellow-Chimes-Stainless-Steel-Finger/dp/B0BDF8LVL6,B0BDF8LVL6, Yellow Chimes ,Yellow Chimes Stainless Steel Gold Band Finger Rings for Men,213.0,3.8,"https://m.media-amazon.com/images/I/41t252EExYL.jpg,https://m.media-amazon.com/images/I/31+LViYy5kL.jpg,https://m.media-amazon.com/images/I/413z-aF9CnL.jpg,https://m.media-amazon.com/images/I/51+9Hc3nQsL.jpg,https://m.media-amazon.com/images/I/A137lzNT9fL.png,https://m.media-amazon.com/images/I/41sleo50+GL.jpg,https://m.media-amazon.com/images/I/41OBFBnu2gL.jpg,https://m.media-amazon.com/images/I/51WUkB6r2mL.jpg,https://m.media-amazon.com/images/I/51xMDSeq8DL.jpg,https://m.media-amazon.com/images/I/51Kc0tyCdFL.jpg","Inspired by Lord of the Rings the powerful Ring Story, Show your urban and trendy side with this Powerful Symbol Ring Gold Plating. Our Product is perfect for valentines Anniversary Birthday gift for Husband and Boyfriend.,SIZE- UK Size 9, Diameter is 19.0mm, Metal and Material is Stainless Steel.,Care Instructions:¬†Harsh Usage or scratching, Avoid Harsh Chemicals. Wipe with soft cloth in case of dust accumulation,Packaging- Your favorite piece of Jewellery will reach you in an Elegant Yellow Chimes box with safety and precautions. You can leave it to us the job of delivering your Jewellery in original condition to you at your door-step.,Brand Vision - Yellow Chimes is the one stop solution for all jewellery lovers- which is affordable and can fit for any occasion you pick to shape your own style and personality.","1,374 global ratings",China,10 g, Metal ,"Jewellery,Men,Rings",8.0,8.0,5.0,"https://images-na.ssl-images-amazon.com/images/G/01/x-locale/common/grey-pixel.gif,https://m.media-amazon.com/images/S/aplus-media-library-service-media/2d61a844-5459-44ad-9ec2-3edc5c5d7ee1.__CR0,0,970,600_PT0_SX970_V1___.jpg,https://images-na.ssl-images-amazon.com/images/G/01/x-locale/common/grey-pixel.gif,https://m.media-amazon.com/images/S/aplus-media-library-service-media/db1dc59c-e0dc-4bb6-a0ee-c25b6d66d1b1.__CR0,0,970,600_PT0_SX970_V1___.jpg,https://images-na.ssl-images-amazon.com/images/G/01/x-locale/common/grey-pixel.gif,https://m.media-amazon.com/images/S/aplus-media-library-service-media/54cdf54b-bf71-46e4-8737-8f49ac836dac.__CR0,0,970,600_PT0_SX970_V1___.png,https://images-na.ssl-images-amazon.com/images/G/01/x-locale/common/grey-pixel.gif,https://m.media-amazon.com/images/S/aplus-media-library-service-media/1430c644-ffc0-49b7-8847-22e6a729a574.__CR0,0,4042,2500_PT0_SX970_V1___.jpg,https://images-na.ssl-images-amazon.com/images/G/01/x-locale/common/grey-pixel.gif,https://m.media-amazon.com/images/S/aplus-media-library-service-media/0c67f2f5-9982-495f-9b08-ab798bb07906.__CR0,0,970,300_PT0_SX970_V1___.jpg,https://images-na.ssl-images-amazon.com/images/G/01/x-locale/common/grey-pixel.gif,https://m.media-amazon.com/images/S/aplus-media-library-service-media/96a7396f-85cc-451e-a534-5482493a0464.__CR0,0,970,600_PT0_SX970_V1___.jpg","Yellow Chimes brings you the Stylish rings for men. Yellow Chimes has the exquisite collection of top-quality designs with trendy looks and assorted collections like silver party wear men‚Äôs ring, gold ring for men, thumb ring, smart ring for men with high quality finishing to drop a swag on your persona with intricate designs. Yellow Chimes has been one of the best seller brands on online marketplaces as we have the most demanding collections with latest fashion designs like skull ring, tortoise ring, black ring, thumb ring for men, steel rings for men, stone ring for men. Yellow Chimes also has its unique party wear collections with latest and trendy looks which are suitable for special occasions like Parties, gatherings, weddings, festivals. These collections are also suitable gifts for men, anniversary gift for couple special, gift for men, gifts for boyfriend, gift for husband, couple gifts. You name it in the collection of jewellery, Yellow Chimes has something for everyone."
https://www.amazon.in/Mush-100-Bamboo-Swaddle-Thermoregulating/dp/B0BRN1JQ5M,B0BRN1JQ5M,,"Mush 100% Bamboo Swaddle : Ultra Soft, Breathable, Thermoregulating, Absorbent, Light Weight and Multipurpose Bamboo Wrapper / Baby Bath Towel / Blanket (1, Rabbit Blue)",499,4.6,"https://m.media-amazon.com/images/I/41IAbLD7CML.jpg,https://m.media-amazon.com/images/I/41gCzb8YsoL.jpg,https://m.media-amazon.com/images/I/41sg6mYE4GL.jpg,https://m.media-amazon.com/images/I/412GUjBGGCL.jpg,https://m.media-amazon.com/images/I/51OiggENfeL.jpg,https://m.media-amazon.com/images/I/413R63UQFoL.jpg","COMFORTABLE : When babies are swaddled, they sleep better & feel safe as babies are used to being wrapped tightly in the womb. Bamboo Fabric is weightless & thermo-regulating which helps to regulate the body temperature based on the weather.,SOFTER THAN SOFT : The bamboo fabric is super-soft and gentle on your baby‚Äôs skin. The soft plush fabric wraps around your baby for a comfortable sleep. It is also the best choice for rash prevention.,MULTIPURPOSE : Mush Bamboo Swaddles can be used as a play mat, a blanket, a burp cloth, a nursing cover, a picnic blanket. It is one of the best baby shower gifts for every new mom.",34 global ratings,,,,"Baby,Bedding, Furniture & Room D√©cor,Bedding,Blankets & Swaddlers,Swaddlers",,,,"https://images-na.ssl-images-amazon.com/images/G/01/x-locale/common/grey-pixel.gif,https://m.media-amazon.com/images/S/aplus-media-library-service-media/3b07b53c-2704-43a7-acd2-62490c9a8b01.__CR0,0,970,600_PT0_SX970_V1___.png,https://images-na.ssl-images-amazon.com/images/G/01/x-locale/common/grey-pixel.gif,https://m.media-amazon.com/images/S/aplus-media-library-service-media/bcfaf91d-8759-4de9-8be8-c7e7a1488fd9.__CR0,0,970,600_PT0_SX970_V1___.png,https://images-na.ssl-images-amazon.com/images/G/01/x-locale/common/grey-pixel.gif,https://m.media-amazon.com/images/S/aplus-media-library-service-media/65a602e9-1453-4268-bd14-1e5fbf1062c3.__CR0,0,970,600_PT0_SX970_V1___.png,https://images-na.ssl-images-amazon.com/images/G/01/x-locale/common/grey-pixel.gif,https://m.media-amazon.com/images/S/aplus-media-library-service-media/21176b26-cc9a-4986-aef8-6637a5aa1d4b.__CR0,0,970,600_PT0_SX970_V1___.png,https://images-na.ssl-images-amazon.com/images/G/01/x-locale/common/grey-pixel.gif,https://m.media-amazon.com/images/S/aplus-media-library-service-media/8558e2ca-a77c-4d96-946c-ccb05be9e389.__CR0,0,970,600_PT0_SX970_V1___.png,https://images-na.ssl-images-amazon.com/images/G/01/x-locale/common/grey-pixel.gif,https://m.media-amazon.com/images/S/aplus-media-library-service-media/69cacb1d-7bf4-4daa-8d1a-a682db4c6e8a.__CR0,0,970,600_PT0_SX970_V1___.png",
https://www.amazon.in/Comfortable-Reusable-Without-Respirator-Certified/dp/B089T79FMD,B089T79FMD,,"Mush N95 Face Mask : Soft, Reusable 6 layered face mask (Pack of 10). CE, ISO, FDA Certified and NABL, SITRA lab tested",399,4.0,"https://m.media-amazon.com/images/I/41kotwx3NQL.jpg,https://m.media-amazon.com/images/I/A1RqRCyMObL.jpg,https://m.media-amazon.com/images/I/415NT1YojES.jpg,https://m.media-amazon.com/images/I/31UDbAReWMS.jpg,https://m.media-amazon.com/images/I/51L-CdnkVVS.jpg","NIOSH Compliant & , FDA, CE, ISO, NABL, WHO, SITRA Certified,N95 FACE MASK: Mush presents certified N95 fiber-based skin friendly mask that offers particulate matter filtration for protection from bacteria microorganisms, body fluids and dust to help you breathe easier and stay germ-free in various indoor & outdoor places.,ONE SIZE FITS MOST: Its stretchable earloop straps can be adjusted to meet the most head sizes while assurance that it won't hurt your ears or nose during extended hours of wearing. Ideal for wearing by men, women & adolescents alike.,ADJUSTABLE NOSE CLIP: The offered N95 face protection mask features an adjustable nose clip pin that can be pressed to counter the specific design of your nose for a snug fitting. Besides, it has dual elastic ear loops for a comfortable grip and maximum facial mobility.","2,210 global ratings",India,120 g,,"Beauty,Skin Care,Face,Face Masks",,,,"https://images-na.ssl-images-amazon.com/images/G/01/x-locale/common/grey-pixel.gif,https://m.media-amazon.com/images/S/aplus-media-library-service-media/0caa47bb-8a54-4656-a207-1b31dc4beaab.__CR0,0,970,600_PT0_SX970_V1___.png,https://images-na.ssl-images-amazon.com/images/G/01/x-locale/common/grey-pixel.gif,https://m.media-amazon.com/images/S/aplus-media-library-service-media/da9f8efd-ea49-4881-a213-b8e89784603b.__CR0,0,970,600_PT0_SX970_V1___.png,https://images-na.ssl-images-amazon.com/images/G/01/x-locale/common/grey-pixel.gif,https://m.media-amazon.com/images/S/aplus-media-library-service-media/927ab390-7409-40be-ae4f-4228b2ba2fc3.__CR0,0,970,600_PT0_SX970_V1___.png,https://images-na.ssl-images-amazon.com/images/G/01/x-locale/common/grey-pixel.gif,https://m.media-amazon.com/images/S/aplus-media-library-service-media/6f6bebef-8b00-4d8b-8512-cb5723294110.__CR0,0,970,600_PT0_SX970_V1___.png,https://images-na.ssl-images-amazon.com/images/G/01/x-locale/common/grey-pixel.gif,https://m.media-amazon.com/images/S/aplus-media-library-service-media/a5bac0b0-2bf3-4017-8e1a-970a07b7af29.__CR0,0,970,600_PT0_SX970_V1___.png,https://images-na.ssl-images-amazon.com/images/G/01/x-locale/common/grey-pixel.gif,https://m.media-amazon.com/images/S/aplus-media-library-service-media/f48fdcd8-be11-4ade-bf89-7c3a4e4c46fa.__CR0,152,1080,668_PT0_SX970_V1___.png,https://images-na.ssl-images-amazon.com/images/G/01/x-locale/common/grey-pixel.gif,https://m.media-amazon.com/images/S/aplus-media-library-service-media/111c6cbb-368c-496b-8de5-79c7723c73ee.__CR0,0,970,600_PT0_SX970_V1___.png",
https://www.amazon.in/Mush-Bamboo-Weight-Turkish-Towels/dp/B08561NXF1,B08561NXF1,,"Mush Bamboo-derived Rayon Towel (Set of 1, Orange, Peach) |Ultra Soft, Absorbent & Quick Dry Towel for Bath, Beach, Pool, Travel, Spa and Yoga | 29 x 59 Inches, 250 gsm",759,4.2,"https://m.media-amazon.com/images/I/319ZkPNpH-L.jpg,https://m.media-amazon.com/images/I/A1SH+FC11SL.png,https://m.media-amazon.com/images/I/51LScHoHouS.jpg,https://m.media-amazon.com/images/I/51caIYsecgL.jpg,https://m.media-amazon.com/images/I/41hVW5CEYbL.jpg,https://m.media-amazon.com/images/I/51o1shA24RS.jpg,https://m.media-amazon.com/images/I/51kg5YQKXnL.jpg","These amazingly soft Turkish style Bath towels are made from 100% Bamboo. Size: 75 X 150 cms / 29.5"" X 59"",Features: It dries very quickly, absorbs 3 times more water than cotton, light in weight and takes up little space in your closet or luggage.,Usage: It's great for Home / Travel use, baby care, home decor, and possibilities are endless! It can be styled as a scarf as well as a baby summer blanket.,Packaging: It comes packed in a small cotton bag which makes it super convenient to store and to carry while travelling,Washcare: Machine Washable. Do not bleach","2,317 global ratings",,,,"Home & Kitchen,Home Furnishing,Bathroom Linen,Towels,Bath Towels",,,,"https://images-na.ssl-images-amazon.com/images/G/01/x-locale/common/grey-pixel.gif,https://m.media-amazon.com/images/S/aplus-media-library-service-media/ebe78dc0-e5a1-4f74-a156-b27268bde75d.__CR0,0,600,180_PT0_SX600_V1___.jpg,https://images-na.ssl-images-amazon.com/images/G/01/x-locale/common/grey-pixel.gif,https://m.media-amazon.com/images/S/aplus-media-library-service-media/c832e64d-788a-4015-8f0d-5ef4ea84aa35.__CR0,510,1500,464_PT0_SX970_V1___.jpg,https://images-na.ssl-images-amazon.com/images/G/01/x-locale/common/grey-pixel.gif,https://m.media-amazon.com/images/S/aplus-media-library-service-media/9e688445-6894-4b7c-a0e2-434875c84817.__CR0,0,500,500_PT0_SX220_V1___.png,https://images-na.ssl-images-amazon.com/images/G/01/x-locale/common/grey-pixel.gif,https://m.media-amazon.com/images/S/aplus-media-library-service-media/7541ca6e-4fa9-4b85-9018-1c5366a50cfa.__CR200,0,880,880_PT0_SX220_V1___.jpg,https://images-na.ssl-images-amazon.com/images/G/01/x-locale/common/grey-pixel.gif,https://m.media-amazon.com/images/S/aplus-media-library-service-media/7788f86e-1da5-4a64-a23c-07f1d31f2d0e.__CR0,0,500,500_PT0_SX220_V1___.png,https://images-na.ssl-images-amazon.com/images/G/01/x-locale/common/grey-pixel.gif,https://m.media-amazon.com/images/S/aplus-media-library-service-media/bfe27c9e-dd83-4716-8af8-e324de6d6fa4.__CR0,108,1000,1000_PT0_SX220_V1___.jpg,https://images-na.ssl-images-amazon.com/images/G/01/x-locale/common/grey-pixel.gif,https://m.media-amazon.com/images/S/aplus-media-library-service-media/141e3e44-cf22-4368-b5a7-f2fe07d3f944.__CR0,206,1080,668_PT0_SX970_V1___.png,https://images-na.ssl-images-amazon.com/images/G/01/x-locale/common/grey-pixel.gif,https://m.media-amazon.com/images/S/aplus-media-library-service-media/93339dee-b253-4611-9474-4339ef9ba34c.__CR230,0,620,620_PT0_SX135_V1___.png,https://images-na.ssl-images-amazon.com/images/G/01/x-locale/common/grey-pixel.gif,https://m.media-amazon.com/images/S/aplus-media-library-service-media/4da51b57-5c42-4585-945c-60aaed3924b7.__CR456,0,3888,3888_PT0_SX135_V1___.jpg,https://images-na.ssl-images-amazon.com/images/G/01/x-locale/common/grey-pixel.gif,https://m.media-amazon.com/images/S/aplus-media-library-service-media/5e872cd9-a18f-4b5d-8c86-092f1320b876.__CR72,0,4016,4016_PT0_SX135_V1___.jpg,https://images-na.ssl-images-amazon.com/images/G/01/x-locale/common/grey-pixel.gif,https://m.media-amazon.com/images/S/aplus-media-library-service-media/749bbdcb-017f-4ca6-bb23-5d0723e22381.__CR0,251,999,999_PT0_SX135_V1___.jpg,https://images-na.ssl-images-amazon.com/images/G/01/x-locale/common/grey-pixel.gif,https://m.media-amazon.com/images/S/aplus-media-library-service-media/a39a219d-f8de-4e2f-8780-6a0da4136457.__CR0,0,970,300_PT0_SX970_V1___.jpg,https://m.media-amazon.com/images/S/aplus-media-library-service-media/59003d75-f736-4e4e-83c3-b351328e6ec2.__CR196,0,540,1080_PT0_SX150_V1___.png,https://m.media-amazon.com/images/S/aplus-media-library-service-media/8da3bfee-f22a-4a0d-bd4c-d93276e7cdcc.__CR0,0,640,1280_PT0_SX150_V1___.jpeg,https://m.media-amazon.com/images/S/aplus-media-library-service-media/293591db-9d83-4e73-bb39-9743ea7864f6.__CR127,0,1500,3000_PT0_SX150_V1___.jpg,https://m.media-amazon.com/images/S/aplus-media-library-service-media/d8e17f6a-877f-4230-9639-d65d142272f2.__CR625,0,1250,2500_PT0_SX150_V1___.jpg,https://m.media-amazon.com/images/S/aplus-media-library-service-media/08840dd3-f0f4-41a9-8945-7263f568a518.__CR0,0,640,1280_PT0_SX150_V1___.jpeg,https://m.media-amazon.com/images/S/aplus-media-library-service-brand-media/9468c3a6ca8357bfec379ccf1d226b71.w2000.h3000.__CR250,0,1500,3000_PT0_SX150_V1___.jpg",
https://www.amazon.in/Mush-Designer-Absorbent-Emerald-Towelset/dp/B09XQX4KJW,B09XQX4KJW,,"Mush Designer Bamboo Hand Towels |Ultra Soft, Absorbent & Quick Dry Towels for Bath, Spa and Yoga (Emerald Blue, Hand Towelset of 2) 450 GSM",699,3.9,"https://m.media-amazon.com/images/I/511cCmlf8sL.jpg,https://m.media-amazon.com/images/I/51SjP3oMKpL.jpg,https://m.media-amazon.com/images/I/51Z9L3GsjSL.jpg,https://m.media-amazon.com/images/I/51tnvO082wL.jpg,https://m.media-amazon.com/images/I/51t7JH85PFL.jpg,https://m.media-amazon.com/images/I/51ucJkR8VIL.jpg,https://m.media-amazon.com/images/I/51Bjx439ltL.jpg","Super Absorbent: Mush Designer towels are made with 100% Bamboo, the naturally plush fibers ensure comfort, longevity, and absorbency. They are odor free as bamboo fabric allows it to breathe which prevents stinky towel smells common in other cotton towels.,Multipurpose: Mush Designer Bath towels can be used as beach towel, bath towel, pool towel, yoga towel as well as gym towel. Add a touch of elegance to the bathroom with these premium designer towels.,Mush towels are beautifully arranged in sets, making it the perfect premium gift for your family and friends! Mush towelset comes in an array of beautiful colors & patterns: Emerald Blue, Pearl White, Ruby Red & Royal Beige",96 global ratings,,,,"Home & Kitchen,Home Furnishing,Bathroom Linen,Towels,Bath Towels",,,,"https://images-na.ssl-images-amazon.com/images/G/01/x-locale/common/grey-pixel.gif,https://m.media-amazon.com/images/S/aplus-media-library-service-media/01fee8f3-75ec-424d-bb80-cd609419a497.__CR0,477,2500,1546_PT0_SX970_V1___.jpg,https://images-na.ssl-images-amazon.com/images/G/01/x-locale/common/grey-pixel.gif,https://m.media-amazon.com/images/S/aplus-media-library-service-media/1d84ded7-1cca-4925-841b-8d1cd6b597c8.__CR0,0,2500,2500_PT0_SX300_V1___.jpg,https://images-na.ssl-images-amazon.com/images/G/01/x-locale/common/grey-pixel.gif,https://m.media-amazon.com/images/S/aplus-media-library-service-media/2c4864b0-1fd2-4f22-9df5-b3e02a9d19b4.__CR0,0,2500,2500_PT0_SX300_V1___.jpg,https://images-na.ssl-images-amazon.com/images/G/01/x-locale/common/grey-pixel.gif,https://m.media-amazon.com/images/S/aplus-media-library-service-media/a0b3129c-584e-42b5-a4a3-5d6ed158529a.__CR0,0,2500,2500_PT0_SX300_V1___.jpg,https://m.media-amazon.com/images/S/aplus-media-library-service-media/9b87daef-323b-4628-ad15-38c4195041f8.__CR0,0,1250,2500_PT0_SX150_V1___.jpg,https://m.media-amazon.com/images/S/aplus-media-library-service-media/1d84ded7-1cca-4925-841b-8d1cd6b597c8.__CR0,0,1250,2500_PT0_SX150_V1___.jpg,https://m.media-amazon.com/images/S/aplus-media-library-service-media/aea7d410-da07-4326-8dc7-a9d61e77ccaa.__CR1250,0,1250,2500_PT0_SX150_V1___.jpg,https://m.media-amazon.com/images/S/aplus-media-library-service-media/14c39aaa-9187-4709-b170-dc405fa3acd0.__CR1458,417,1042,2083_PT0_SX150_V1___.jpg,https://images-na.ssl-images-amazon.com/images/G/01/x-locale/common/grey-pixel.gif,https://m.media-amazon.com/images/S/aplus-media-library-service-media/bd8ebbb9-520c-406c-827d-21e2f3724568.__CR0,0,2500,2500_PT0_SX300_V1___.jpg,https://images-na.ssl-images-amazon.com/images/G/01/x-locale/common/grey-pixel.gif,https://m.media-amazon.com/images/S/aplus-media-library-service-media/7d6c78eb-7713-4bec-82e6-5c999c6b7da6.__CR0,0,2500,2500_PT0_SX300_V1___.jpg,https://images-na.ssl-images-amazon.com/images/G/01/x-locale/common/grey-pixel.gif,https://m.media-amazon.com/images/S/aplus-media-library-service-media/c84c15a2-f534-4f25-a74e-756614681561.__CR0,0,2500,2500_PT0_SX300_V1___.jpg",
https://www.amazon.in/Mush-Comfortable-Multipurpose-Colorful-lightweight/dp/B09X48RT33,B09X48RT33,,"Mush 100% Bamboo Swaddle : Ultra Soft, Breathable, Thermoregulating, Absorbent, Light Weight and Multipurpose Bamboo Wrapper / Baby Bath Towel / Blanket(3, Golden Leaf, Jungle (Colorful) & Sea (Colorful)","1,299",4.6,"https://m.media-amazon.com/images/I/41giCBA8waL.jpg,https://m.media-amazon.com/images/I/51pApkFhhTL.jpg,https://m.media-amazon.com/images/I/412se8aaIbL.jpg,https://m.media-amazon.com/images/I/51hEMPKkv5L.jpg,https://m.media-amazon.com/images/I/41-vX9PreFL.jpg,https://m.media-amazon.com/images/I/41X8uArTFyL.jpg,https://m.media-amazon.com/images/I/41gCzb8YsoL.jpg","COMFORTABLE : When babies are swaddled, they sleep better & feel safe as babies are used to being wrapped tightly in the womb. Bamboo Fabric is weightless & thermo-regulating which helps to regulate the body temperature based on the weather.,SOFTER THAN SOFT : The bamboo fabric is super-soft and gentle on your baby‚Äôs skin. The soft plush fabric wraps around your baby for a comfortable sleep. It is also the best choice for rash prevention.,MULTIPURPOSE : Mush Bamboo Swaddles can be used as a play mat, a blanket, a burp cloth, a nursing cover, a picnic blanket. It is one of the best baby shower gifts for every new mom.",34 global ratings,,,,"Baby,Bedding, Furniture & Room D√©cor,Bedding,Blankets & Swaddlers,Swaddlers",,,,"https://images-na.ssl-images-amazon.com/images/G/01/x-locale/common/grey-pixel.gif,https://m.media-amazon.com/images/S/aplus-media-library-service-media/3b07b53c-2704-43a7-acd2-62490c9a8b01.__CR0,0,970,600_PT0_SX970_V1___.png,https://images-na.ssl-images-amazon.com/images/G/01/x-locale/common/grey-pixel.gif,https://m.media-amazon.com/images/S/aplus-media-library-service-media/bcfaf91d-8759-4de9-8be8-c7e7a1488fd9.__CR0,0,970,600_PT0_SX970_V1___.png,https://images-na.ssl-images-amazon.com/images/G/01/x-locale/common/grey-pixel.gif,https://m.media-amazon.com/images/S/aplus-media-library-service-media/65a602e9-1453-4268-bd14-1e5fbf1062c3.__CR0,0,970,600_PT0_SX970_V1___.png,https://images-na.ssl-images-amazon.com/images/G/01/x-locale/common/grey-pixel.gif,https://m.media-amazon.com/images/S/aplus-media-library-service-media/21176b26-cc9a-4986-aef8-6637a5aa1d4b.__CR0,0,970,600_PT0_SX970_V1___.png,https://images-na.ssl-images-amazon.com/images/G/01/x-locale/common/grey-pixel.gif,https://m.media-amazon.com/images/S/aplus-media-library-service-media/8558e2ca-a77c-4d96-946c-ccb05be9e389.__CR0,0,970,600_PT0_SX970_V1___.png,https://images-na.ssl-images-amazon.com/images/G/01/x-locale/common/grey-pixel.gif,https://m.media-amazon.com/images/S/aplus-media-library-service-media/69cacb1d-7bf4-4daa-8d1a-a682db4c6e8a.__CR0,0,970,600_PT0_SX970_V1___.png",
https://www.amazon.in/Mush-Extra-Cabana-Turkish-Bamboo/dp/B09MDPJSB1,B09MDPJSB1,,"Mush Extra Large Cabana Style Turkish Towel 100% Bamboo Ideal For Beach, Bath, Pool Etc (Light Green & Grey, 90 X 160 Cms, 250 Gsm)",949,4.3,"https://m.media-amazon.com/images/I/3148Yw3+cRL.jpg,https://m.media-amazon.com/images/I/4166-ZJcApL.jpg,https://m.media-amazon.com/images/I/51byvGbTCLL.jpg,https://m.media-amazon.com/images/I/41+34N0a8TL.jpg,https://m.media-amazon.com/images/I/51SkOzbhIPL.jpg,https://m.media-amazon.com/images/I/3154LcZ693L.jpg,https://m.media-amazon.com/images/I/41PAefjclhL.jpg","Ultra-Soft- Experience the ultimate softness of our Extra-Large Cabana Striped Turkish towel as it embraces your skin completely like silk and cashmere. It comes in trendy beach colors like peach, light green, blue, grey, turquoise & green.,Super Absorbent- Every towel by Mush is made with Bamboo Fibers that are 5 times more absorbent than cotton due to their porous cross-section. A quick-to-dry and odorless towel is a must addition to your carryall for gyms, spas, and beaches.,Ultra-Compact and Light Weight- Restricting space in your carryall or closet? Despite its 90 x 160 cms size that is large enough for all your bathing needs, these towels are ultra-compact and lightweight. Extra Large Cabana Striped Turkish Towels can be your ideal companion at the gym, beach, or even impromptu travel plans.",171 global ratings,,,,"Home & Kitchen,Home Furnishing,Bathroom Linen,Towels,Bath Towels",,,,"https://images-na.ssl-images-amazon.com/images/G/01/x-locale/common/grey-pixel.gif,https://m.media-amazon.com/images/S/aplus-media-library-service-media/34be0d0b-b702-4885-b147-e9b2d4099713.__CR0,0,600,180_PT0_SX600_V1___.png,https://images-na.ssl-images-amazon.com/images/G/01/x-locale/common/grey-pixel.gif,https://m.media-amazon.com/images/S/aplus-media-library-service-media/04a910c1-11b7-4e94-9840-21f8ee813b36.__CR0,0,970,600_PT0_SX970_V1___.png,https://images-na.ssl-images-amazon.com/images/G/01/x-locale/common/grey-pixel.gif,https://m.media-amazon.com/images/S/aplus-media-library-service-media/9a15539a-d7e5-4c51-aa73-0b29ac40d7cc.__CR0,206,1080,668_PT0_SX970_V1___.png,https://images-na.ssl-images-amazon.com/images/G/01/x-locale/common/grey-pixel.gif,https://m.media-amazon.com/images/S/aplus-media-library-service-media/2e1d13da-0061-4cbd-8162-0151ac5439b2.__CR0,319,1080,668_PT0_SX970_V1___.png,https://images-na.ssl-images-amazon.com/images/G/01/x-locale/common/grey-pixel.gif,https://m.media-amazon.com/images/S/aplus-media-library-service-media/edef4087-a37e-4260-97c5-ee5e5eaef46c.__CR0,206,1080,668_PT0_SX970_V1___.png,https://images-na.ssl-images-amazon.com/images/G/01/x-locale/common/grey-pixel.gif,https://m.media-amazon.com/images/S/aplus-media-library-service-media/3356a9db-3aad-4643-a286-8d29170e1093.__CR0,206,1080,668_PT0_SX970_V1___.png,https://images-na.ssl-images-amazon.com/images/G/01/x-locale/common/grey-pixel.gif,https://m.media-amazon.com/images/S/aplus-media-library-service-media/c74e1290-bd32-4236-9745-b6681a0037bd.__CR0,0,970,600_PT0_SX970_V1___.png",
https://www.amazon.in/Mush-Ultra-Soft-Absorbent-Sports/dp/B08K8WVL5L,B08K8WVL5L,,"Mush 600 GSM Hand Towel Set of 2- Cream & Green | 100% Bamboo |Ultra Soft, Absorbent & Quick Dry Towel for Gym, Pool, Travel, Spa and Yoga | 29.5 x 14 Inches",649,4.2,"https://m.media-amazon.com/images/I/41UV7cNhbeL.jpg,https://m.media-amazon.com/images/I/A1iiVXGkqZL.jpg,https://m.media-amazon.com/images/I/5197dul+YlL.jpg,https://m.media-amazon.com/images/I/41l+zrrf-ZL.jpg,https://m.media-amazon.com/images/I/4156ZUnhBpL.jpg,https://m.media-amazon.com/images/I/41z8mAdvAeL.jpg,https://m.media-amazon.com/images/I/412uy4tqQqS.jpg","Ultra Soft : Mush Hand towels are designed with ultra-soft bamboo fibers that is suitable for sensitive skin. Mush Towel retains softness even after multiple washes.,Super Absorbent : The Bamboo Fabric is more absorbent & breathable than any other fabric due to a wider cross section. This allows it to absorb 3x times more water while preventing dampen odor common in other cotton towels.,Multipurpose : 2 pcs of 29.5"" x 14"" perfect sized towels for Napkin/ home, poolside, bathroom, Beach, sauna, college dorm room, spa or gym use. Different colors for you to pick,Beautifully Packed: Your Hand towel set comes carefully packed in an eco-friendly fabric bag which makes it convenient to carry it along at work / travel / Gym. For every occasion our hand towel set makes a perfect gift for your family and friends!",900 global ratings,,,,"Home & Kitchen,Home Furnishing,Bathroom Linen,Towels,Hand Towels",,,,"https://images-na.ssl-images-amazon.com/images/G/01/x-locale/common/grey-pixel.gif,https://m.media-amazon.com/images/S/aplus-media/sc/428c7aa8-812a-4580-badf-4c4eb47d4335.__CR0,0,600,180_PT0_SX600_V1___.jpg,https://images-na.ssl-images-amazon.com/images/G/01/x-locale/common/grey-pixel.gif,https://m.media-amazon.com/images/S/aplus-media/sc/e89a191d-c117-4563-bfb3-c7b17aacce83.__CR0,1344,4800,1485_PT0_SX970_V1___.jpg,https://images-na.ssl-images-amazon.com/images/G/01/x-locale/common/grey-pixel.gif,https://m.media-amazon.com/images/S/aplus-media/sc/6bef5eff-4587-4a88-bc2b-4ebc8e4252f8.__CR0,0,3891,3891_PT0_SX220_V1___.jpg,https://images-na.ssl-images-amazon.com/images/G/01/x-locale/common/grey-pixel.gif,https://m.media-amazon.com/images/S/aplus-media/sc/3a330ac1-c508-4778-9d19-caee30773ea4.__CR0,0,500,500_PT0_SX220_V1___.jpg,https://images-na.ssl-images-amazon.com/images/G/01/x-locale/common/grey-pixel.gif,https://m.media-amazon.com/images/S/aplus-media/sc/34fcc8b4-8aac-449b-9efc-b6e91fb42794.__CR480,0,3664,3664_PT0_SX220_V1___.jpg,https://images-na.ssl-images-amazon.com/images/G/01/x-locale/common/grey-pixel.gif,https://m.media-amazon.com/images/S/aplus-media/sc/35e3327c-67d3-43f1-9c06-acdec3d6b260.__CR0,78,236,236_PT0_SX220_V1___.jpg,https://images-na.ssl-images-amazon.com/images/G/01/x-locale/common/grey-pixel.gif,https://m.media-amazon.com/images/S/aplus-media/sc/a1343ca9-475e-47f3-8908-f4d87c97fce7.__CR0,0,500,500_PT0_SX300_V1___.jpg,https://images-na.ssl-images-amazon.com/images/G/01/x-locale/common/grey-pixel.gif,https://m.media-amazon.com/images/S/aplus-media/sc/11b6fddb-07c4-4721-8c0a-b5018e86958d.__CR0,0,500,500_PT0_SX300_V1___.jpg,https://images-na.ssl-images-amazon.com/images/G/01/x-locale/common/grey-pixel.gif,https://m.media-amazon.com/images/S/aplus-media/sc/e0dd1436-5918-492c-97af-f2fb5432213c.__CR0,0,500,500_PT0_SX300_V1___.jpg,https://images-na.ssl-images-amazon.com/images/G/01/x-locale/common/grey-pixel.gif,https://m.media-amazon.com/images/S/aplus-media/sc/348a415a-52fe-4aea-b4c0-ef779edb4a4b.__CR0,0,500,500_PT0_SX300_V1___.jpg,https://images-na.ssl-images-amazon.com/images/G/01/x-locale/common/grey-pixel.gif,https://m.media-amazon.com/images/S/aplus-media/sc/a1343ca9-475e-47f3-8908-f4d87c97fce7.__CR0,0,500,500_PT0_SX300_V1___.jpg,https://images-na.ssl-images-amazon.com/images/G/01/x-locale/common/grey-pixel.gif,https://m.media-amazon.com/images/S/aplus-media/sc/11b6fddb-07c4-4721-8c0a-b5018e86958d.__CR0,0,500,500_PT0_SX300_V1___.jpg,https://images-na.ssl-images-amazon.com/images/G/01/x-locale/common/grey-pixel.gif,https://m.media-amazon.com/images/S/aplus-media/sc/e0dd1436-5918-492c-97af-f2fb5432213c.__CR0,0,500,500_PT0_SX300_V1___.jpg,https://images-na.ssl-images-amazon.com/images/G/01/x-locale/common/grey-pixel.gif,https://m.media-amazon.com/images/S/aplus-media/sc/348a415a-52fe-4aea-b4c0-ef779edb4a4b.__CR0,0,500,500_PT0_SX300_V1___.jpg,https://images-na.ssl-images-amazon.com/images/G/01/x-locale/common/grey-pixel.gif,https://m.media-amazon.com/images/S/aplus-media-library-service-media/a39a219d-f8de-4e2f-8780-6a0da4136457.__CR0,0,970,300_PT0_SX970_V1___.jpg,https://images-na.ssl-images-amazon.com/images/G/01/x-locale/common/grey-pixel.gif,https://m.media-amazon.com/images/S/aplus-media/sc/7c58bdf3-2d71-4fba-8e81-0220b84ecca7.__CR0,0,1500,1500_PT0_SX135_V1___.jpg,https://images-na.ssl-images-amazon.com/images/G/01/x-locale/common/grey-pixel.gif,https://m.media-amazon.com/images/S/aplus-media/sc/0840de60-6cec-438e-b40d-989d99070a27.__CR155,87,517,517_PT0_SX135_V1___.png,https://images-na.ssl-images-amazon.com/images/G/01/x-locale/common/grey-pixel.gif,https://m.media-amazon.com/images/S/aplus-media/sc/114f4ed6-44d2-41cb-b405-c8ee25f7bd57.__CR15,0,330,330_PT0_SX135_V1___.jpg,https://images-na.ssl-images-amazon.com/images/G/01/x-locale/common/grey-pixel.gif,https://m.media-amazon.com/images/S/aplus-media/sc/eace8bc3-a9dd-4026-850d-827dc0898d9a.__CR12,353,908,908_PT0_SX135_V1___.jpg,https://m.media-amazon.com/images/S/aplus-media-library-service-media/6d079ffa-6ed1-4056-8bf6-f9c621673d01.__CR0,0,1500,3000_PT0_SX150_V1___.jpg,https://m.media-amazon.com/images/S/aplus-media-library-service-media/293591db-9d83-4e73-bb39-9743ea7864f6.__CR318,0,1500,3000_PT0_SX150_V1___.jpg,https://m.media-amazon.com/images/S/aplus-media-library-service-media/99e49902-6b04-4d42-8a7e-806b8c0ab4aa.__CR0,0,800,1600_PT0_SX150_V1___.jpeg,https://m.media-amazon.com/images/S/aplus-media-library-service-media/3068d7c0-8cea-40fe-87ce-230d94f628e2.__CR0,0,640,1280_PT0_SX150_V1___.jpeg,https://m.media-amazon.com/images/S/aplus-media-library-service-media/08840dd3-f0f4-41a9-8945-7263f568a518.__CR0,0,640,1280_PT0_SX150_V1___.jpeg,https://m.media-amazon.com/images/S/aplus-media-library-service-brand-media/ae24c17adb394c202a0d1bd18be7eb26.w2000.h3000.__CR250,0,1500,3000_PT0_SX150_V1___.jpg",
https://www.amazon.in/Mush-Ultra-Absorbent-Bamboo-Hooded/dp/B0BC99R3K8,B0BC99R3K8,,"Mush Ultra Soft & Super Absorbent Bamboo Hooded Towel for Kids (1, Blue)",899,4.2,"https://m.media-amazon.com/images/I/41e69y4gGYL.jpg,https://m.media-amazon.com/images/I/518VCZjYBrL.jpg,https://m.media-amazon.com/images/I/41nPV6jNP4L.jpg,https://m.media-amazon.com/images/I/41q0pe+tReL.jpg,https://m.media-amazon.com/images/I/41MPDsTsC7L.jpg,https://m.media-amazon.com/images/I/41QVGXhj6SL.jpg","SKIN-FRIENDLY : Mush hooded towels are composed of bamboo fiber, which is naturally hypoallergenic and free of any additives that could affect the sensitive skin of kids. As a result, our hooded baby towel is a safe, natural, and first choice for kids.,SUPER ABSORBENT : The Bamboo Fabric is more absorbent & breathable than any other fabric due to a wider cross section. This allows it to absorb 4x times more water while preventing dampen odor common in other cotton towels.,SOFTER THAN SOFT : The bamboo fabric is super-soft and gentle on the skin. The towel is made from bamboo which provides a silky soft touch while absorbing all traces of moisture efficiently from the body's surface. The soft plush fabric ensures comfort, longevity, and absorbency.,KIDS ESSENTIAL : When you‚Äôre checking off Kids‚Äô essentials, ‚ÄúMush baby hooded towel,‚Äù is at the top of the list. Whether it‚Äôs for a boy or girl, or you‚Äôre looking for a unisex gift, helps make life a little easier for your fellow parents.,QUALITY : unique designs, made up with soft and skin friendly fabric. Hooded towels are value-priced.",8 global ratings,,,,"Baby,Baby Care,Bathing,Bath Towels & Wash Cloths",,,,"https://images-na.ssl-images-amazon.com/images/G/01/x-locale/common/grey-pixel.gif,https://m.media-amazon.com/images/S/aplus-media-library-service-media/20ca7f25-a076-48a1-ae60-c93c439e1374.__CR0,0,970,600_PT0_SX970_V1___.png,https://images-na.ssl-images-amazon.com/images/G/01/x-locale/common/grey-pixel.gif,https://m.media-amazon.com/images/S/aplus-media-library-service-media/511cb215-5025-4eca-9e3f-a3c8fcf82992.__CR0,0,970,600_PT0_SX970_V1___.png,https://images-na.ssl-images-amazon.com/images/G/01/x-locale/common/grey-pixel.gif,https://m.media-amazon.com/images/S/aplus-media-library-service-media/7910a4df-8737-401c-bd0b-f87c2cf79b50.__CR0,0,970,600_PT0_SX970_V1___.png,https://images-na.ssl-images-amazon.com/images/G/01/x-locale/common/grey-pixel.gif,https://m.media-amazon.com/images/S/aplus-media-library-service-media/579a28c0-7e5b-494c-ad96-8edeec08879e.__CR0,0,970,600_PT0_SX970_V1___.png,https://images-na.ssl-images-amazon.com/images/G/01/x-locale/common/grey-pixel.gif,https://m.media-amazon.com/images/S/aplus-media-library-service-media/e9f7eb13-2ab9-42c2-b8a8-d957c4c7e056.__CR0,0,970,600_PT0_SX970_V1___.png",
https://www.amazon.in/Mush-Bamboo-Absorbent-facewash-Travel/dp/B09F5W1HV6,B09F5W1HV6,,"Mush Bamboo Face Towel Set of 3 | 100% Bamboo |Ultra Soft, Absorbent & Quick Dry Towel for facewash, Gym, Pool, Travel, Spa, Beauty Salon¬† and Yoga | 14 x 14 Inches (Green,Pink,Grey) 500 GSM",499,4.3,"https://m.media-amazon.com/images/I/51tY+n4IluL.jpg,https://m.media-amazon.com/images/I/A1iiVXGkqZL.jpg,https://m.media-amazon.com/images/I/51k3A4aHBmL.jpg,https://m.media-amazon.com/images/I/31yHC4JwfsL.jpg,https://m.media-amazon.com/images/I/51GWFy2vqzL.jpg,https://m.media-amazon.com/images/I/51KeyPaud7L.jpg,https://m.media-amazon.com/images/I/41GY9CTkpoL.jpg","Size - 35 * 35 cms square towels ; Pack of 3,Ultra Soft: Bamboo Fabric is softer than softest cotton with a natural sheen like silk and cashmere.,Highly Absorbent and Odorless : Bamboo Fibers are 3 times more absorbent than Cotton due to its porous cross section","1,748 global ratings",,,,"Home & Kitchen,Home Furnishing,Bathroom Linen,Towels,Face Towels",,,,"https://images-na.ssl-images-amazon.com/images/G/01/x-locale/common/grey-pixel.gif,https://m.media-amazon.com/images/S/aplus-media/sc/428c7aa8-812a-4580-badf-4c4eb47d4335.__CR0,0,600,180_PT0_SX600_V1___.jpg,https://images-na.ssl-images-amazon.com/images/G/01/x-locale/common/grey-pixel.gif,https://m.media-amazon.com/images/S/aplus-media-library-service-media/c49a1903-891c-4a77-acc2-2f09f0666958.__CR0,1196,4107,1270_PT0_SX970_V1___.jpg,https://images-na.ssl-images-amazon.com/images/G/01/x-locale/common/grey-pixel.gif,https://m.media-amazon.com/images/S/aplus-media-library-service-media/7017469a-5418-4fd1-af6f-decc0e0a2482.__CR356,0,3775,3775_PT0_SX220_V1___.jpg,https://images-na.ssl-images-amazon.com/images/G/01/x-locale/common/grey-pixel.gif,https://m.media-amazon.com/images/S/aplus-media-library-service-media/93339dee-b253-4611-9474-4339ef9ba34c.__CR263,56,564,564_PT0_SX220_V1___.png,https://images-na.ssl-images-amazon.com/images/G/01/x-locale/common/grey-pixel.gif,https://m.media-amazon.com/images/S/aplus-media-library-service-media/fb9fe961-7d28-427e-9288-8e2b563f0ea3.__CR448,0,3762,3762_PT0_SX220_V1___.jpg,https://images-na.ssl-images-amazon.com/images/G/01/x-locale/common/grey-pixel.gif,https://m.media-amazon.com/images/S/aplus-media-library-service-media/37e15195-56d2-47d5-b68d-afc6a9c1a76a.__CR80,130,1003,1003_PT0_SX220_V1___.jpg,https://images-na.ssl-images-amazon.com/images/G/01/x-locale/common/grey-pixel.gif,https://m.media-amazon.com/images/S/aplus-media-library-service-media/349adabc-cf02-448b-8712-44a2b10e4df8.__CR0,0,4042,2500_PT0_SX970_V1___.jpg,https://images-na.ssl-images-amazon.com/images/G/01/x-locale/common/grey-pixel.gif,https://m.media-amazon.com/images/S/aplus-media-library-service-media/a39a219d-f8de-4e2f-8780-6a0da4136457.__CR0,0,970,300_PT0_SX970_V1___.jpg,https://images-na.ssl-images-amazon.com/images/G/01/x-locale/common/grey-pixel.gif,https://m.media-amazon.com/images/S/aplus-media/sc/7c58bdf3-2d71-4fba-8e81-0220b84ecca7.__CR0,0,1500,1500_PT0_SX135_V1___.jpg,https://images-na.ssl-images-amazon.com/images/G/01/x-locale/common/grey-pixel.gif,https://m.media-amazon.com/images/S/aplus-media-library-service-media/04b27d8e-e731-4216-bacc-1ce928475e38.__CR85,0,330,330_PT0_SX135_V1___.jpg,https://images-na.ssl-images-amazon.com/images/G/01/x-locale/common/grey-pixel.gif,https://m.media-amazon.com/images/S/aplus-media-library-service-media/06a945c0-a80f-4ccb-8786-3d0308c216e4.__CR0,320,640,640_PT0_SX135_V1___.jpeg,https://images-na.ssl-images-amazon.com/images/G/01/x-locale/common/grey-pixel.gif,https://m.media-amazon.com/images/S/aplus-media/sc/eace8bc3-a9dd-4026-850d-827dc0898d9a.__CR12,353,908,908_PT0_SX135_V1___.jpg,https://m.media-amazon.com/images/S/aplus-media-library-service-media/3068d7c0-8cea-40fe-87ce-230d94f628e2.__CR0,0,640,1280_PT0_SX150_V1___.jpeg,https://m.media-amazon.com/images/S/aplus-media-library-service-media/06a945c0-a80f-4ccb-8786-3d0308c216e4.__CR0,0,640,1280_PT0_SX150_V1___.jpeg,https://m.media-amazon.com/images/S/aplus-media-library-service-media/15d27e39-0393-4465-8476-07c3bf028b9b.__CR155,0,1500,3000_PT0_SX150_V1___.jpg,https://m.media-amazon.com/images/S/aplus-media-library-service-media/95052fcd-647d-41f1-9276-bdc2fddda570.__CR455,0,1500,3000_PT0_SX150_V1___.jpg,https://m.media-amazon.com/images/S/aplus-media-library-service-media/59003d75-f736-4e4e-83c3-b351328e6ec2.__CR167,4,491,982_PT0_SX150_V1___.png,https://m.media-amazon.com/images/S/aplus-media-library-service-brand-media/9468c3a6ca8357bfec379ccf1d226b71.w2000.h3000.__CR250,0,1500,3000_PT0_SX150_V1___.jpg",
https://www.amazon.in/Mush-Ultra-Absorbent-Microbial-Bamboo/dp/B07CWBTBRK,B07CWBTBRK,,"Mush 600 GSM Bath Towel 1 - Olive Green | 100% Bamboo |Ultra Soft, Absorbent & Quick Dry Towel for Bath, Beach, Pool, Travel, Spa & Shower | 29 x 59 Inches","1,399",4.2,"https://m.media-amazon.com/images/I/61pgRIR9fRL.jpg,https://m.media-amazon.com/images/I/A1iiVXGkqZL.jpg,https://m.media-amazon.com/images/I/51hPTPo9pES.jpg,https://m.media-amazon.com/images/I/41cf8KSiglS.jpg,https://m.media-amazon.com/images/I/51bOQxlh5LS.jpg,https://m.media-amazon.com/images/I/51s-e1CnCfS.jpg,https://m.media-amazon.com/images/I/41Opy2Eij2L.jpg","Large Size - 75 cms X 150 cms ; Material : Terry - 100% Bamboo Overall: 70% Bamboo 30% Cotton; Weight: 600 GSM,Highly Absorbent and Odorless : Bamboo Fibers are 3 times more absorbent than Cotton due to its porous cross section,Ultra soft: bamboo Towels are softer than softest cotton with a natural sheen like silk and cashmere",831 global ratings,,,,"Home & Kitchen,Home Furnishing,Bathroom Linen,Towels,Bath Towels",,,,"https://images-na.ssl-images-amazon.com/images/G/01/x-locale/common/grey-pixel.gif,https://m.media-amazon.com/images/S/aplus-media-library-service-media/1467acbb-b3f6-4838-9644-21e79a9a290e.__CR0,0,970,600_PT0_SX970_V1___.png,https://images-na.ssl-images-amazon.com/images/G/01/x-locale/common/grey-pixel.gif,https://m.media-amazon.com/images/S/aplus-media-library-service-media/44f22423-b851-4638-a058-22132b30470e.__CR0,0,970,600_PT0_SX970_V1___.png,https://images-na.ssl-images-amazon.com/images/G/01/x-locale/common/grey-pixel.gif,https://m.media-amazon.com/images/S/aplus-media-library-service-media/b9b2f4e6-5f20-44cd-a86b-0fc2dc4983f6.__CR0,1000,2000,2000_PT0_SX300_V1___.jpg,https://images-na.ssl-images-amazon.com/images/G/01/x-locale/common/grey-pixel.gif,https://m.media-amazon.com/images/S/aplus-media-library-service-media/293591db-9d83-4e73-bb39-9743ea7864f6.__CR0,600,2000,2000_PT0_SX300_V1___.jpg,https://images-na.ssl-images-amazon.com/images/G/01/x-locale/common/grey-pixel.gif,https://m.media-amazon.com/images/S/aplus-media-library-service-media/9559e086-392e-4fc2-8be3-4c0e13a87952.__CR0,551,2400,2400_PT0_SX300_V1___.jpg,https://images-na.ssl-images-amazon.com/images/G/01/x-locale/common/grey-pixel.gif,https://m.media-amazon.com/images/S/aplus-media-library-service-media/d8b367f9-b44f-42c1-8f52-5a50c9647afc.__CR92,0,1015,628_PT0_SX970_V1___.png,https://images-na.ssl-images-amazon.com/images/G/01/x-locale/common/grey-pixel.gif,https://m.media-amazon.com/images/S/aplus-media-library-service-media/a39a219d-f8de-4e2f-8780-6a0da4136457.__CR0,0,970,300_PT0_SX970_V1___.jpg,https://m.media-amazon.com/images/S/aplus-media-library-service-media/e228986f-4e4c-4834-b8cc-8982378f980a.__CR0,0,1500,3000_PT0_SX150_V1___.jpg,https://m.media-amazon.com/images/S/aplus-media-library-service-media/06a945c0-a80f-4ccb-8786-3d0308c216e4.__CR0,0,640,1280_PT0_SX150_V1___.jpeg,https://m.media-amazon.com/images/S/aplus-media-library-service-media/293591db-9d83-4e73-bb39-9743ea7864f6.__CR250,0,1500,3000_PT0_SX150_V1___.jpg,https://m.media-amazon.com/images/S/aplus-media-library-service-media/59003d75-f736-4e4e-83c3-b351328e6ec2.__CR211,0,540,1080_PT0_SX150_V1___.png,https://m.media-amazon.com/images/S/aplus-media-library-service-media/08840dd3-f0f4-41a9-8945-7263f568a518.__CR0,0,640,1280_PT0_SX150_V1___.jpeg,https://m.media-amazon.com/images/S/aplus-media-library-service-brand-media/9468c3a6ca8357bfec379ccf1d226b71.w2000.h3000.__CR250,0,1500,3000_PT0_SX150_V1___.jpg",
